material_id,e_total,e_per_atom,n_atoms,formula,e_above_hull_true,e_form_wbm
wbm-3-38658,-36.379185,-3.6379185,10,Cs2KMgCl6,0.021583,-2.042207
wbm-2-15174,-74.65464,-6.22122,12,KSmF4,0.021469,-3.972142
wbm-3-77859,-47.011215,-4.7011213,10,Sm2ZnGe2,0.05956,-0.702676
wbm-3-62757,-64.91963,-8.114954,8,ErRu3,0.300015,0.028065
wbm-1-41276,-117.434326,-9.786194,12,GdSiO4,0.092507,-3.23548
wbm-2-18435,-41.387947,-5.1734934,8,LaGa2Pt,-0.022646,-0.8811
wbm-1-13575,-46.969307,-4.269937,11,Sr(Cu3As2)2,0.097652,-0.135572
wbm-5-18175,-26.98666,-6.746665,4,TmRu2Au,0.340039,-0.136161
wbm-2-24180,-16.60463,-4.1511574,4,LiAc2Co,0.157968,0.157971
wbm-3-27589,-47.944168,-5.993021,8,NdGa2Os,0.148299,-0.371415
wbm-1-54164,-29.82946,-5.965892,5,LaSi3Pd,-0.043799,-0.684713
wbm-3-48160,-31.248375,-6.249675,5,Zr2CdNi2,0.08814,-0.27646
wbm-3-51031,-90.112724,-7.5093937,12,K2GdO3,0.139024,-2.321946
wbm-3-29307,-20.441748,-5.110437,4,SmGaSe2,0.077889,-1.48627
wbm-3-60004,-37.52928,-6.2548804,6,ThBiPd,0.062892,-0.705143
wbm-4-989,-69.748474,-7.7498302,9,Np3Al3CoSi2,0.005892,-0.259632
wbm-2-42696,-74.08975,-6.174146,12,KThPtS3,0.0598,-1.57425
wbm-2-36906,-72.82388,-6.068657,12,RbRu(SeO4)2,0.107109,-1.290754
wbm-1-13581,-32.38252,-4.047815,8,Cu7Sb,0.097267,0.081979
wbm-2-48279,-22.5818,-5.64545,4,Ti2CdSi,0.434132,-0.07017
wbm-5-14172,-27.882607,-4.647101,6,NaMn(CuSb)2,0.021246,-0.160507
wbm-1-7020,-68.33912,-8.54239,8,Sc3MnC4,-0.069181,-0.434976
wbm-1-30090,-32.84159,-8.210398,4,Zr2MnPd,0.122387,-0.293896
wbm-4-28389,-45.488358,-7.581393,6,TiClO,0.068831,-2.68747
wbm-3-13547,-28.691603,-3.1879559,9,RbCaPt,0.548928,-0.039925
wbm-3-18188,-53.191364,-6.6489205,8,HoCr2In,0.191267,-0.026437
wbm-4-33970,-20.754883,-5.1887207,4,ThScIn2,0.100762,-0.260271
wbm-4-28716,-29.37372,-5.874744,5,Eu(InP)2,-0.042694,-0.605882
wbm-4-11253,-50.10469,-6.2630863,8,YRhF6,0.032075,-3.100552
wbm-3-57293,-34.807915,-6.961583,5,Ce3SnO,-0.012465,-1.601901
wbm-2-23866,-102.37102,-8.530918,12,Li2EuZr2O7,0.105399,-3.038345
wbm-1-45977,-48.440735,-6.055092,8,Ni3P,0.162046,-0.278636
wbm-4-32160,-37.568424,-7.5136847,5,GdSn3Ru,0.112594,-0.340479
wbm-3-74349,-17.655045,-5.885015,3,NdTePt,0.230641,-1.108188
wbm-3-54122,-84.401764,-8.440176,10,Pr2MgTiO6,0.018339,-3.600588
wbm-2-4026,-37.79809,-3.149841,12,CdAsPb,0.065301,0.0065
wbm-4-5580,-23.446066,-4.6892133,5,Ca2CdRu2,0.162154,0.017986
wbm-1-3976,-38.78617,-7.757234,5,Al(VB)2,0.099017,-0.586799
wbm-5-10936,-34.427223,-5.7378707,6,LiEu(AlP)2,1.293552,0.55943
wbm-1-8458,-15.787203,-3.9468007,4,CaCdCo2,0.632379,0.455321
wbm-1-20140,-27.978302,-3.4972878,8,HgGe(Te2Pb)2,0.147629,-0.331428
wbm-5-14949,-21.644165,-5.4110413,4,NiGe,0.136364,-0.168642
wbm-2-20101,-76.71893,-6.9744487,11,Er3(GeIr)4,0.092447,-0.806735
wbm-3-18565,-52.9119,-5.8791,9,ErCrPb,0.357812,0.058621
wbm-1-10264,-19.354198,-3.8708396,5,CsSnCl3,0.00702,-1.8045
wbm-3-12957,-15.432641,-3.8581603,4,CaPrCu2,0.024624,-0.127425
wbm-1-12938,-19.384466,-3.8768933,5,Cs(CuAs)2,0.117861,-0.126474
wbm-3-35417,-52.7277,-5.27277,10,K(NdPt)2,0.265984,-0.647136
wbm-2-27465,-56.99656,-6.332951,9,Tb3(Mn2Ga)2,0.226354,-0.069356
wbm-4-27981,-100.655304,-9.150482,11,Ca2Ta2O7,0.000497,-3.485347
wbm-4-17635,-41.38356,-3.44863,12,KTlRh,0.221295,0.142254
wbm-3-38866,-17.101814,-4.2754536,4,MgFe2Hg,0.503228,0.395567
wbm-3-16618,-38.8213,-9.705325,4,Gd2CoAg,0.081472,-0.136908
wbm-1-24058,-33.8942,-4.236775,8,Li2CoSi,0.192097,-0.13371
wbm-1-58536,-17.071154,-5.6903844,3,TiInNi,0.190547,-0.148661
wbm-3-27708,-97.83211,-10.8702345,9,Pu6Ga2Rh,0.435097,0.142125
wbm-1-30550,-59.677727,-7.459716,8,SiNiN2,0.206039,-0.571932
wbm-2-39082,-35.158436,-5.8597393,6,ScPAu,0.309224,-0.684678
wbm-5-3276,-50.588825,-7.226975,7,Tm2Ge2Ru2C,-0.01597,-0.64784
wbm-3-64383,-80.78226,-6.731855,12,KPuCuS3,-0.126655,-1.489471
wbm-3-15858,-30.519573,-6.1039147,5,Tb2Co2Ni,0.051835,-0.232759
wbm-3-72768,-34.77131,-6.954262,5,EuSn3Os,0.194461,-0.205905
wbm-1-46800,-21.292961,-5.3232403,4,SbPd3,0.053568,-0.373936
wbm-3-54770,-81.21467,-8.121467,10,Sr2ScTiO6,0.023999,-3.395711
wbm-4-10495,-55.291866,-6.9114833,8,NdCrF6,0.063117,-3.700312
wbm-1-8648,-36.552124,-3.0460103,12,CaGaAg,-0.003269,-0.411531
wbm-1-25021,-76.507614,-6.3756347,12,LiSmF4,0.00224,-4.017243
wbm-4-21345,-20.768414,-5.1921034,4,YbMnGe2,0.278008,-0.173915
wbm-4-11630,-34.36311,-8.590777,4,HoNpFe2,0.065237,-0.00954
wbm-3-47438,-26.472136,-4.4120226,6,InCu3Ni2,0.070884,0.012619
wbm-2-35183,-94.20906,-8.56446,11,Tm2Nb2S2O5,0.209107,-2.89016
wbm-1-46704,-22.52955,-5.6323876,4,ErSbPd2,0.086955,-0.866082
wbm-2-31914,-31.717798,-5.2862997,6,TmCu2Ni3,0.008134,-0.290407
wbm-1-18350,-33.80966,-4.2262077,8,SrGa2Pt,-0.126337,-0.734743
wbm-1-1699,-17.128914,-4.2822285,4,Tb2AlAg,0.026675,-0.336738
wbm-5-20902,-50.77993,-5.6422143,9,Dy6Sn2Ir,0.046194,-0.638292
wbm-2-33458,-45.04264,-6.434663,7,Ce2Cu(BrO)2,0.736837,-2.055451
wbm-5-15233,-85.0698,-9.4522,9,WO2,-0.039155,-2.076673
wbm-1-44472,-38.17774,-9.544435,4,NbO,0.610972,-1.677322
wbm-3-39107,-36.928665,-4.103185,9,MgUHg,0.416213,0.272677
wbm-3-52166,-90.12055,-7.510046,12,InMoO4,0.074364,-1.927048
wbm-5-12398,-15.414251,-3.8535628,4,PrMgPb2,0.190787,-0.170457
wbm-3-30493,-35.478172,-7.0956345,5,PuGe3Pt,-0.042342,-0.490408
wbm-5-3386,-44.138565,-6.305509,7,Pr2Si2Pd2C,0.261543,-0.504185
wbm-1-42476,-71.40422,-7.140422,10,BaLaMgSbO6,0.056272,-2.937512
wbm-3-47879,-22.756313,-4.551263,5,Rb(DyNi)2,0.240523,-0.122867
wbm-4-16395,-44.278286,-5.5347857,8,NbHCl2,0.374171,-0.869462
wbm-1-27108,-57.078415,-4.7565346,12,Mg2SiNi3,0.014615,-0.454821
wbm-4-29073,-24.856176,-6.214044,4,Co2PSe,0.254391,-0.317356
wbm-3-78,-16.429394,-4.1073484,4,LaPrAg2,-0.003972,-0.253166
wbm-1-47685,-34.285786,-8.571446,4,GdInRh2,-0.048305,-0.699337
wbm-3-49598,-35.232136,-8.808034,4,Pa2NiRu,-0.11548,-0.252369
wbm-3-20493,-18.809994,-6.269998,3,EuCuPb,0.111448,-0.236051
wbm-2-9138,-11.573521,-3.8578403,3,CaGeAu,0.222284,-0.499991
wbm-1-12835,-43.660793,-10.915198,4,Ta2CrIr,0.063202,-0.284943
wbm-1-21228,-15.718199,-5.2393994,3,SrHN,0.019942,-0.773261
wbm-5-18697,-52.15869,-8.693115,6,Pa2S,0.191118,-0.787638
wbm-3-22116,-59.19303,-4.9327526,12,NaCaF4,-0.035042,-3.126677
wbm-3-73111,-29.293457,-7.3233643,4,HfSn,0.168205,-0.197508
wbm-5-4320,-25.606087,-6.4015217,4,CeDyCo2,0.0295,-0.180618
wbm-1-59678,-21.455421,-5.3638554,4,Y2AgAu,0.008676,-0.59906
wbm-1-43270,-98.23308,-8.93028,11,CsThNb2O7,0.094566,-3.189041
wbm-3-63725,-53.44919,-6.6811485,8,YNiS2,0.110283,-1.553466
wbm-3-48889,-18.045244,-4.511311,4,ErNiPb2,0.352659,0.048011
wbm-2-7438,-63.654083,-7.9567604,8,TbRhC2,0.140447,-0.285825
wbm-4-6081,-29.135307,-3.6419134,8,CaZn2Ru,0.115019,-0.112182
wbm-3-12877,-35.234604,-4.4043255,8,CaTlCo2,0.510206,0.287491
wbm-1-16523,-57.78262,-5.2529655,11,Na3HoF7,-0.010838,-3.258655
wbm-2-33986,-89.01027,-8.901027,10,EuIrO3,0.081738,-2.148223
wbm-2-22780,-54.43252,-6.804065,8,SmInIr2,0.132854,-0.368256
wbm-1-30170,-30.022425,-7.505606,4,MoPt3,0.009073,-0.259892
wbm-5-11864,-32.795334,-3.643926,9,Mg3In3Ge2Ir,0.047705,-0.164176
wbm-5-1759,-35.586613,-8.896653,4,TiAlReIr,0.071869,-0.626903
wbm-1-41718,-60.915558,-6.7683954,9,BaErCuBiO5,0.094148,-2.393307
wbm-3-42663,-49.59241,-6.1990514,8,PrMnSb2,0.035862,-0.667938
wbm-4-36089,-39.439423,-6.573237,6,Pr2SiPt3,0.099672,-0.968656
wbm-2-46399,-30.144138,-6.0288277,5,LuSi3Pt,0.079449,-0.646032
wbm-1-15637,-44.740917,-4.971213,9,Cs2IrF6,-0.000154,-2.489293
wbm-2-30140,-43.603153,-4.8447948,9,Na2Lu(CuS2)2,0.035474,-1.289447
wbm-5-14813,-39.650417,-4.956302,8,BaNiAs2,-0.000949,-0.706722
wbm-4-40122,-24.851921,-6.2129803,4,Zr2InAu,0.100806,-0.321581
wbm-1-20583,-60.095207,-5.007934,12,NaH3O2,0.004611,-1.43792
wbm-2-29738,-50.75543,-6.3444285,8,Tb2IN,0.150416,-1.334206
wbm-2-34140,-42.68577,-7.1142945,6,Na2ThO3,-0.077852,-2.981647
wbm-1-23018,-25.439106,-4.239851,6,KNiAs,0.005518,-0.344282
wbm-1-31053,-107.02925,-8.919105,12,Tm3Ti2N3O4,0.313483,-2.704247
wbm-3-721,-44.026955,-5.5033693,8,ZrAl2Cu,0.041737,-0.39952
wbm-1-5023,-15.502075,-3.100415,5,In4B,0.515522,0.515537
wbm-2-47182,-33.54178,-4.1927223,8,BaCu2Si,-0.041957,-0.234949
wbm-4-36964,-69.770035,-8.721254,8,ThSnOs2,0.285186,-0.01228
wbm-3-17180,-61.38422,-7.6730275,8,CoGeRu2,0.129189,-0.017806
wbm-3-1475,-17.75297,-3.5505939,5,Zr(AlCd)2,0.469074,0.146394
wbm-1-51697,-17.32683,-4.3317075,4,ScGa3,0.062686,-0.437975
wbm-3-65421,-32.568356,-6.513671,5,Y2SCl2,-0.016942,-2.386145
wbm-1-36448,-74.214874,-6.1845727,12,AsO2,0.032148,-1.55781
wbm-4-8527,-36.255993,-6.0426655,6,TmCrBr,0.085596,-0.93421
wbm-3-10837,-72.93961,-7.2939615,10,BaCd(CO3)2,0.02569,-2.198103
wbm-2-29528,-61.639446,-7.704931,8,Ce2NF,0.186719,-2.088849
wbm-2-37716,-32.62131,-6.5242624,5,U(CuP)2,0.047767,-0.502837
wbm-3-71868,-72.03037,-9.003797,8,EuSiRu2,0.277461,-0.182573
wbm-2-48893,-23.689564,-4.7379127,5,La2SnI2,-0.04033,-1.400623
wbm-3-71798,-57.59749,-7.199686,8,TbSiRh2,0.093247,-0.886556
wbm-1-931,-29.4378,-4.2054,7,Al2CdSe4,0.103365,-0.977425
wbm-4-16193,-35.047485,-3.894165,9,Er2ZnH6,0.39141,-0.261976
wbm-1-36874,-64.44537,-8.055672,8,ZrCuO2,0.605481,-2.255365
wbm-5-20955,-28.519693,-7.1299233,4,PmPuSn2,-0.080012,-0.48953
wbm-2-40611,-25.631948,-6.407987,4,ErBiRh2,0.058979,-0.564349
wbm-3-5588,-12.527454,-4.175818,3,HoAlTe,0.906656,-0.198609
wbm-1-24485,-18.841799,-4.7104497,4,LiAl2Fe,0.052945,-0.214874
wbm-5-17885,-82.86138,-10.357673,8,NpRh,-0.156994,-0.383556
wbm-3-6772,-59.78163,-4.9818025,12,SmAsSe4,0.054315,-1.068855
wbm-1-38842,-59.63125,-5.9631248,10,In2O3,0.086145,-1.911668
wbm-3-40418,-56.363445,-5.6363444,10,Tm2Mn2Cd,0.187658,0.05133
wbm-1-45938,-92.08984,-7.674154,12,HoNbP,0.075665,-0.998181
wbm-2-21677,-45.569107,-3.7974255,12,BaMg2H8Rh,-0.010366,-0.345817
wbm-2-48487,-36.836227,-6.1393714,6,UZnSi,0.132161,-0.068063
wbm-1-18523,-37.61619,-3.1346827,12,Ga5Au,0.062512,-0.056539
wbm-1-2715,-29.652328,-5.9304657,5,Ce2AlSi2,0.003349,-0.582359
wbm-1-40060,-70.37387,-7.037387,10,VCdO3,0.095831,-1.984037
wbm-2-49443,-56.943172,-5.6943173,10,Sr(BiRu)2,0.343835,-0.027605
wbm-3-48489,-58.336334,-5.3033032,11,Th(Ni2Sn3)2,0.078246,-0.261278
wbm-3-60841,-46.894302,-3.9078586,12,RbHoCdTe3,-0.047956,-1.268259
wbm-1-32114,-36.50959,-4.563699,8,Sr2NiN,0.29622,-0.20974
wbm-2-40319,-19.904469,-4.976117,4,BiPt,0.227261,-0.070319
wbm-5-19730,-46.93254,-5.214727,9,Dy3Ga3Si2Pt,0.020108,-0.795141
wbm-3-68501,-54.32495,-6.790619,8,NdCrSi2,0.088612,-0.436844
wbm-5-16366,-27.257298,-4.542883,6,KPrP,0.321744,-0.685107
wbm-3-59484,-33.662502,-5.610417,6,PaPb2,0.127595,0.127575
wbm-3-30688,-73.05339,-6.641217,11,Y3(GePt)4,0.033348,-0.981719
wbm-1-53632,-27.526844,-6.881711,4,Si2NiRu,0.295629,-0.271342
wbm-4-25622,-46.79399,-7.7989984,6,SrZrO4,0.193263,-2.859236
wbm-1-20661,-17.923714,-2.5605304,7,K2CdH4,-0.017778,-0.178504
wbm-1-60553,-15.851837,-1.5851837,10,SrZn4,-0.000945,-0.227276
wbm-1-39990,-81.947426,-6.8289523,12,Rb2TiO3,0.028347,-2.723477
wbm-1-61760,-23.745258,-7.9150863,3,ZrSbIr,-0.21902,-0.953209
wbm-1-16479,-57.62987,-5.762987,10,Ca2YbF7,0.04424,-3.856669
wbm-3-72597,-28.91539,-7.2288475,4,AcGdSn2,-0.127518,-0.608988
wbm-3-35627,-54.737556,-4.561463,12,KHoAgSe3,0.028877,-1.34965
wbm-2-19454,-65.17274,-9.310391,7,Dy(Re2Ge)2,-0.007126,-0.278421
wbm-3-45471,-90.96257,-9.096257,10,U6Sn2SeN,0.461913,-0.128358
wbm-3-13335,-48.79329,-4.0661073,12,CaLaPb,0.046305,-0.475877
wbm-4-25125,-68.49369,-6.849369,10,DyAuO3,-0.038033,-2.27255
wbm-3-18029,-33.746094,-4.2182617,8,CeZn2Co,-0.103781,-0.376996
wbm-1-22759,-23.085648,-4.6171293,5,K(AsPd)2,-0.002734,-0.442923
wbm-2-1212,-48.045235,-5.3383594,9,Y3Al3CuSn2,0.025192,-0.56545
wbm-3-63574,-15.607362,-3.9018404,4,RbCuS2,0.07169,-0.752212
wbm-3-72521,-118.91723,-9.909769,12,SmRe2,0.000602,-0.078839
wbm-3-72286,-22.771564,-3.7952607,6,Yb2SiAu3,0.146973,-0.633455
wbm-1-15938,-47.626442,-4.7626443,10,Cs2KSnF6,0.055268,-2.882572
wbm-1-50590,-13.518092,-6.759046,2,FeS,0.231683,-0.526268
wbm-2-33706,-69.427345,-11.571224,6,PuO2,0.14021,-3.510409
wbm-2-17259,-50.46052,-7.208646,7,DyFe5Ni,0.894423,0.764628
wbm-4-21819,-42.326,-4.702889,9,TmMnHg,0.282036,-0.039264
wbm-3-38985,-105.9529,-10.59529,10,Gd2MgOs2,0.158781,-0.034637
wbm-1-58035,-27.68834,-6.922085,4,Ti3Pb,0.040551,-0.019927
wbm-1-43559,-67.92676,-5.660563,12,K3VO8,0.049412,-1.485769
wbm-2-30439,-41.014656,-4.1014657,10,Rb2NaFeCl6,0.125467,-1.735134
wbm-2-29033,-79.53138,-7.953138,10,SmRhN3,0.029489,-0.633323
wbm-1-45390,-51.117714,-5.679746,9,Ge4P4Ru,0.035516,-0.212929
wbm-5-8568,-63.435112,-7.0483456,9,Pu3(Ga2Sn)2,0.113279,-0.296927
wbm-1-4474,-42.637196,-7.1061993,6,B2Rh,0.171956,-0.080016
wbm-1-5720,-17.458498,-5.8194995,3,UBe2,0.298785,0.256884
wbm-3-26550,-32.015404,-8.003851,4,Nb2FeAu,0.320509,0.177778
wbm-3-69928,-47.610657,-4.3282413,11,Yb3(CuSi)4,-0.011546,-0.44547
wbm-2-50436,-42.6153,-10.653825,4,TiRe,0.000307,-0.397641
wbm-4-13277,-52.868366,-7.5526237,7,U2Ga3Ir2,0.014348,-0.448089
wbm-1-53806,-77.74054,-7.774054,10,Th2Si2Ru,0.022224,-0.754898
wbm-4-31347,-33.58748,-11.195827,3,Np2Rh,-0.043434,-0.194468
wbm-3-66668,-30.797092,-5.1328487,6,ScBi2,0.072558,-0.38222
wbm-3-21864,-26.98033,-3.3725412,8,ErHg2Pt,0.104777,-0.549755
wbm-5-2297,-59.595413,-6.6217127,9,Pa(CuB3)2,-0.006203,-0.095391
wbm-1-59197,-87.94099,-4.3970494,20,VInBr3,0.149477,-1.001655
wbm-2-19534,-35.067905,-7.0135813,5,Lu(GeIr)2,0.008686,-0.699266
wbm-4-7576,-46.485058,-4.6485057,10,Yb2CoAs2,0.129826,-0.745369
wbm-1-13027,-34.451153,-3.827906,9,GaCu2,0.023805,-0.082585
wbm-2-26479,-29.678234,-4.9463725,6,Lu3MgPd2,0.004611,-0.660247
wbm-1-31448,-142.58737,-11.882281,12,Gd5N5O2,0.117447,-2.039695
wbm-2-6385,-87.918304,-7.326525,12,HoBRh2,0.064396,-0.729771
wbm-3-36072,-84.20885,-7.017404,12,Li2DyPuF8,-0.003587,-3.874576
wbm-2-11841,-42.593697,-3.5494747,12,BaIn4Co,0.112007,-0.182062
wbm-1-14757,-20.046427,-6.6821423,3,VF2,0.103184,-2.896757
wbm-1-38247,-33.541077,-6.708215,5,CaCoO3,0.162931,-1.884327
wbm-3-37277,-40.3499,-6.724983,6,LiLu(MnP)2,0.139173,-0.737362
wbm-3-42152,-59.294453,-6.5882726,9,SmMnGe,0.142698,-0.434229
wbm-1-32541,-6.7209663,-1.6802416,4,Na2MgTl,0.106788,0.016049
wbm-1-23390,-25.680206,-5.136041,5,Li2ThAs2,-0.022488,-1.027309
wbm-4-12630,-44.039085,-7.3398476,6,PaFePb,-0.140329,-0.144895
wbm-1-30791,-97.22926,-9.722926,10,ErWN3,-0.125682,-1.23203
wbm-3-16237,-75.4311,-6.285925,12,SmCo3Ge2,0.097421,-0.40815
wbm-4-17880,-34.217125,-8.554281,4,LaPuPt2,0.099054,-0.885209
wbm-4-30764,-19.06506,-4.766265,4,RbPmPt2,-0.269426,-0.269462
wbm-3-12547,-20.059559,-5.0148897,4,Ca2RuRh,0.390085,0.172566
wbm-3-60639,-61.54589,-6.154589,10,Th(BiPt)2,0.123485,-0.616604
wbm-2-24425,-19.143364,-3.1905606,6,LiLuIn4,0.074192,-0.227623
wbm-3-61231,-30.538029,-6.107606,5,Tb2InRh2,0.01827,-0.77154
wbm-1-1071,-16.933992,-4.233498,4,Al2ZnPt,0.257081,-0.413395
wbm-2-13317,-47.252586,-4.725259,10,Tm2Cu2Sn,-0.008464,-0.472021
wbm-3-14938,-34.152954,-3.7947726,9,K2Rh(BrCl2)2,-0.006992,-1.507632
wbm-4-20550,-35.94104,-5.9901733,6,Er3Mn2Cu,0.126006,0.031291
wbm-4-14714,-81.34401,-7.39491,11,Ce(Ge3Os2)2,-0.025189,-0.258136
wbm-1-17687,-15.117859,-3.7794647,4,In3Fe,0.548211,0.548218
wbm-1-34180,-35.173492,-5.862249,6,NbSnAu,0.198872,0.027461
wbm-2-41933,-30.277729,-5.046288,6,YbRuPb,0.199524,-0.16762
wbm-1-11069,-101.00026,-8.416688,12,HfCo2,-0.00144,-0.370646
wbm-2-44566,-13.377913,-6.6889567,2,ScSe,0.038603,-1.786274
wbm-2-32789,-45.397472,-3.7831228,12,YbInNi,0.032819,-0.419418
wbm-1-50479,-33.190468,-3.3190467,10,Ag3SCl,0.010242,-0.419821
wbm-1-42844,-75.59046,-7.5590463,10,Sr2ZrSbO6,0.145096,-2.940928
wbm-3-43026,-65.466774,-6.5466776,10,Y2MnSn2,0.079253,-0.52342
wbm-3-69424,-53.262844,-6.6578555,8,Ce3Co2Si3,0.065318,-0.579621
wbm-4-13508,-73.04438,-6.087032,12,PuGa4Ru,0.032059,-0.382521
wbm-2-34004,-32.872654,-6.5745306,5,FeCuO3,0.239056,-1.031816
wbm-2-47063,-31.460464,-6.292093,5,Y2SiCl2,-0.00568,-1.817426
wbm-1-42818,-72.45339,-7.2453394,10,Sr2HoSbO6,0.046532,-3.074843
wbm-2-2708,-93.84142,-7.8201184,12,GdAlAu,-0.104004,-0.780854
wbm-1-33891,-20.106133,-6.702044,3,Nb2Hg,0.133072,0.133075
wbm-3-6933,-49.144585,-4.095382,12,YbAsAu,-0.126636,-0.888377
wbm-1-43504,-83.41604,-6.9513364,12,Cr2AgSbO8,0.177997,-1.482818
wbm-3-14344,-21.53841,-3.589735,6,TbCdAu4,0.091695,-0.443018
wbm-2-8528,-35.80883,-5.968138,6,Ca2Cr3Ge,0.675597,0.368599
wbm-4-6117,-35.32616,-3.925129,9,HfCd2,0.179122,0.132889
wbm-4-4517,-87.78271,-7.3152256,12,TbBRh2,0.055377,-0.715596
wbm-3-41958,-51.504166,-8.584027,6,PuMnGa,0.291052,0.045957
wbm-1-26400,-23.692282,-5.9230704,4,LiZrSe2,0.026985,-1.563225
wbm-4-20124,-84.21585,-7.0179877,12,MgURh,0.050274,-0.3102
wbm-5-21171,-58.234577,-7.279322,8,PaSnPt2,-0.13274,-0.818603
wbm-1-43538,-82.799255,-6.899938,12,Fe3TeO8,0.089554,-1.496121
wbm-3-53238,-81.92259,-8.192259,10,Ca2PrWO6,0.10406,-3.051048
wbm-1-44130,-59.915546,-5.9915547,10,K3ZrOF5,0.023407,-3.370961
wbm-1-44079,-53.94609,-6.7432613,8,YCuTeO,0.039582,-2.087525
wbm-2-15208,-74.979774,-6.2483144,12,NaSmF4,0.007882,-3.96632
wbm-2-23175,-31.100716,-3.1100717,10,Cs2KTlBr6,0.031242,-1.652302
wbm-2-6931,-27.246439,-5.449288,5,RbEuBr3,0.013888,-2.289982
wbm-1-10810,-46.290154,-4.2081957,11,BaSr2Cl8,-0.006819,-2.395236
wbm-3-34176,-37.167747,-4.6459684,8,Yb3In3Os2,0.20578,-0.168026
wbm-2-13654,-23.61629,-3.9360483,6,LaZnCu4,0.01018,-0.17324
wbm-3-40248,-30.451937,-3.0451937,10,Yb2MgAu2,0.0191,-0.792681
wbm-2-36054,-81.75581,-8.175581,10,Sr2ErWO6,0.108235,-3.067604
wbm-2-38450,-66.79562,-7.421736,9,ErPIr,0.000934,-1.151464
wbm-1-31825,-23.736504,-4.7473006,5,Cu4N,0.233175,0.233171
wbm-1-56013,-88.08908,-7.340757,12,ZrSiPd,8e-05,-0.982819
wbm-3-25211,-42.55462,-7.0924363,6,YbFe3Rh2,0.190794,-0.104131
wbm-1-45606,-27.31875,-6.8296876,4,CoP,0.096517,-0.487104
wbm-2-38025,-72.606674,-8.067409,9,Zr6P2Au,0.103965,-0.759283
wbm-3-31665,-38.613384,-6.435564,6,Sm2GePt3,0.088252,-0.997862
wbm-5-14610,-24.657274,-6.1643186,4,LuNi2Pt,0.046406,-0.647719
wbm-1-50670,-24.079794,-3.0099742,8,SI,-0.394197,-0.394205
wbm-2-29088,-107.162155,-10.716215,10,TaWN3,0.214904,-0.753144
wbm-4-19333,-19.349325,-3.869865,5,Mg(AlSi)2,0.139497,0.100886
wbm-3-2736,-57.341682,-4.7784734,12,YbAl4Ru,0.147125,-0.384056
wbm-3-58764,-82.112076,-6.842673,12,LaPPt,-0.001074,-1.391149
wbm-2-12298,-54.917736,-5.4917736,10,YCoSn3,0.059513,-0.356592
wbm-1-44135,-54.524445,-5.4524446,10,KScTl2OF5,0.145643,-2.813291
wbm-4-25347,-35.272545,-4.409068,8,Cs3AuO4,0.063935,-1.121034
wbm-3-46421,-34.723095,-3.4723096,10,NaTmI3,0.086205,-1.392884
wbm-2-1063,-16.373829,-3.2747657,5,Tm(AlZn)2,-0.016814,-0.361198
wbm-1-37515,-45.251926,-5.656491,8,PdPbO2,0.280782,-0.869459
wbm-1-31103,-68.40906,-6.8409057,10,Yb(NO2)3,0.107145,-1.19497
wbm-1-23689,-23.575653,-3.9292755,6,Li2Mn,0.454771,0.45475
wbm-1-24985,-77.08822,-6.4240184,12,LiErF4,-0.035654,-4.072063
wbm-1-47724,-28.190836,-7.047709,4,ThRh2Pb,0.099796,-0.515879
wbm-3-45354,-82.16842,-8.216842,10,Th3PdN,0.039187,-0.968998
wbm-3-48186,-27.136948,-4.522825,6,BaCu2Ni3,0.06747,0.042947
wbm-2-27728,-53.820168,-5.9800186,9,TbMnCu,0.178024,0.018625
wbm-2-50460,-111.24776,-9.270646,12,TiRu,0.002109,-0.761
wbm-1-35243,-11.067013,-3.6890042,3,NiBr2,0.120206,-0.687451
wbm-1-41580,-53.54963,-8.924938,6,ErZrO4,0.186522,-3.431303
wbm-2-29873,-61.28308,-12.256617,5,Gd3SbN,0.321629,-0.915552
wbm-3-25079,-59.578312,-6.6198125,9,Tm3Fe3Ge2Rh,0.254541,-0.344963
wbm-1-40895,-91.71437,-7.642864,12,SnMoO4,0.215314,-1.850032
wbm-4-33176,-48.437035,-4.0364194,12,KCuS,4.8e-05,-0.929262
wbm-3-16261,-74.08084,-6.1734033,12,Sm2Co3Ge,0.077648,-0.288843
wbm-3-22395,-55.82144,-6.97768,8,CePrF6,0.062315,-4.297767
wbm-4-30932,-52.30028,-5.230028,10,In2SnRh2,0.084085,-0.30468
wbm-3-26020,-52.23161,-6.528951,8,ErFe,0.052805,-0.037872
wbm-2-421,-36.263596,-3.6263595,10,Ca2Al2Ge,0.215896,-0.248299
wbm-3-42312,-18.425179,-6.141726,3,LaMnBi,0.574093,-0.140702
wbm-1-18294,-35.808624,-4.476078,8,BaGa2Rh,-0.024768,-0.55824
wbm-4-29196,-16.175919,-4.0439796,4,Cu2AgP,0.179854,0.137794
wbm-2-39471,-52.019806,-5.2019806,10,Dy2TlPd2,-0.047283,-0.800976
wbm-5-2144,-25.280272,-6.320068,4,TbAsPt2,0.237066,-0.766317
wbm-1-35828,-23.76557,-5.9413924,4,NiRh2Pb,0.130573,0.090895
wbm-2-18220,-58.738506,-4.8948755,12,YbFeSn,0.259988,-0.179301
wbm-1-1186,-52.08828,-4.34069,12,LuAl3,0.010952,-0.390446
wbm-3-46976,-20.706814,-5.1767035,4,NaZrTe2,0.000674,-1.1219
wbm-2-47907,-67.65721,-8.457151,8,PuSiPt2,-0.001862,-0.843461
wbm-1-7661,-47.859215,-6.837031,7,CsSrCO3F,-0.00947,-2.767474
wbm-3-28400,-43.461594,-5.432699,8,CeGa5Ir2,0.096367,-0.549384
wbm-3-68965,-73.771324,-6.14761,12,NdSi2Ni3,0.025772,-0.667055
wbm-3-42378,-34.914257,-8.728564,4,PuMnNi2,0.148316,-0.013612
wbm-4-22308,-72.57707,-7.257707,10,BaRhN3,0.180577,-0.331059
wbm-1-36191,-31.09736,-7.77434,4,Y2NiOs,0.095578,-0.256648
wbm-2-42277,-46.2306,-5.778825,8,CsTiS2,0.166152,-1.483187
wbm-2-41398,-37.92011,-4.2133455,9,YbTlRh,-0.010088,-0.473402
wbm-3-44371,-79.02467,-7.9024673,10,SrOsN3,0.072902,-0.431739
wbm-1-55379,-49.75869,-6.219836,8,TiCuSiP,0.057017,-0.552764
wbm-1-25830,-77.914665,-7.7914667,10,LiZrO3,0.257455,-2.717433
wbm-2-21691,-58.497192,-4.874766,12,SrMn3H8,-0.035575,-0.203162
wbm-3-29448,-54.40061,-5.440061,10,Yb2GaIr2,-0.128553,-0.712459
wbm-3-22232,-52.147793,-6.518474,8,AlCrF6,0.022716,-3.433356
wbm-2-45202,-27.07618,-5.415236,5,Ce2SeI2,0.04281,-1.695313
wbm-1-33356,-16.35564,-4.08891,4,NaAcNi2,0.212219,0.212201
wbm-1-22653,-7.0278196,-1.1713033,6,K2Sr,0.12014,0.120143
wbm-3-75605,-31.87886,-5.3131433,6,RbVAs,0.07917,-0.317806
wbm-1-27662,-44.441998,-5.5552497,8,MgCo3,0.212903,0.188035
wbm-4-534,-48.24151,-6.0301886,8,SmAl2Ru,0.026774,-0.556969
wbm-1-16685,-17.039557,-4.259889,4,GaF,0.181725,-1.771226
wbm-1-2708,-35.778122,-4.4722652,8,AlSe,-0.015296,-0.951399
wbm-3-66052,-20.593388,-5.148347,4,Pr2SbAu,0.221241,-0.81623
wbm-2-19356,-45.994953,-7.6658254,6,GdAu2,0.05617,-0.766538
wbm-5-13659,-26.891535,-5.378307,5,Sr2CuN2,0.04772,-0.576056
wbm-2-34313,-74.008514,-6.167376,12,Rb2ScO3,0.15015,-2.261869
wbm-1-18235,-24.98798,-3.5697114,7,Ba3(GaGe)2,-0.022012,-0.56127
wbm-2-51659,-10.394705,-1.7324508,6,YbZn2,0.002054,-0.359813
wbm-3-66204,-40.679363,-6.779894,6,YbNpSb,0.127826,-0.550211
wbm-3-47630,-58.05578,-5.8055778,10,Pr(NiGe)2,0.002486,-0.683465
wbm-1-48389,-22.337692,-2.7922115,8,Cd3Ru,0.177805,0.177812
wbm-3-47076,-10.600442,-5.300221,2,NbCd,0.194248,0.19425
wbm-5-9157,-46.754963,-5.194996,9,Tm3In3ReGe2,0.156528,-0.375626
wbm-1-60904,-31.933884,-7.983471,4,Pu2ZnIn,0.117917,-0.062249
wbm-2-13354,-14.724927,-3.6812317,4,YbCu2Bi,0.173386,-0.236735
wbm-1-28279,-80.31717,-7.301561,11,Mg(Fe3P2)2,-0.020897,-0.527778
wbm-3-14120,-23.008703,-5.752176,4,Hf2TlCd,0.112238,0.066415
wbm-1-50306,-72.68849,-6.0573745,12,Ba3Ce2S7,0.004215,-2.189561
wbm-5-17547,-27.338337,-6.834584,4,LaDyRh2,0.089668,-0.722471
wbm-2-18104,-27.175903,-6.793976,4,Tb2FeRu,0.223942,-0.027575
wbm-3-13058,-50.776962,-6.3471203,8,CaFe2Co,0.236794,0.194236
wbm-3-65277,-36.870296,-4.0966997,9,Pt(S3I)2,-0.195911,-0.441593
wbm-5-17150,-33.25878,-5.5431304,6,SmSnPd,0.054041,-0.863067
wbm-3-73341,-42.61561,-3.5513008,12,SmSnHg,-0.008196,-0.547217
wbm-3-46541,-33.557846,-5.592974,6,NaLa(NiP)2,0.091095,-0.757351
wbm-4-18931,-39.409195,-3.2840996,12,Mg2Ga3Pd,-0.047702,-0.37657
wbm-3-70685,-52.454742,-8.742457,6,GdSiCl,-0.048521,-1.601731
wbm-4-17474,-18.766312,-3.7532623,5,K(TbCu)2,0.180117,-0.011156
wbm-4-11212,-59.45046,-7.4313073,8,PaVF6,-1.632567,-3.73741
wbm-4-2875,-31.35707,-7.8392677,4,TiMn2Al,0.00886,-0.326899
wbm-3-68904,-88.25188,-8.825188,10,U2MnSi2,0.056814,-0.303093
wbm-3-47138,-46.842403,-7.8070674,6,NbRh5,0.487668,0.148751
wbm-1-38509,-69.578186,-6.9578185,10,ZnCrO3,0.155826,-1.823331
wbm-2-15080,-25.92146,-3.2401824,8,KF3,0.07005,-1.524459
wbm-1-26201,-48.042477,-6.0053096,8,LiCeS2,0.053508,-1.965724
wbm-1-50821,-38.623047,-6.4371743,6,ScGeS,0.086979,-1.334134
wbm-3-69681,-54.292545,-6.786568,8,Sm3Si3Ru2,0.272429,-0.497909
wbm-3-4090,-30.969545,-6.193909,5,Dy2AlPt2,0.06448,-1.139391
wbm-3-53206,-82.05858,-8.205858,10,Ca2PrNbO6,0.081428,-3.354482
wbm-2-26651,-62.61084,-6.95676,9,MgURh,0.157674,-0.2028
wbm-2-50296,-26.51721,-6.6293025,4,TiGaFePd,0.09766,-0.444068
wbm-1-49160,-33.74013,-4.820019,7,In2Pd3S2,0.033671,-0.597995
wbm-3-18043,-24.405214,-3.0506518,8,YbZn2Co,0.079424,-0.191981
wbm-5-7001,-42.60118,-5.3251476,8,ScAgF6,0.08211,-2.725427
wbm-3-60880,-3.4883893,-1.7441946,2,RbHo,0.977483,0.977461
wbm-1-49038,-61.77851,-5.148209,12,KNi3S2,0.056888,-0.655465
wbm-2-14627,-29.392155,-7.3480387,4,Ta2CuPb,0.659537,0.659535
wbm-1-34636,-24.158957,-4.8317914,5,Ni2Sn3,0.143226,-0.0647
wbm-1-56536,-15.56067,-3.8901675,4,Sr2AgIr,0.139874,-0.131291
wbm-3-39996,-79.66658,-6.6388817,12,MgNpSi,0.004851,-0.115378
wbm-2-25692,-26.329445,-2.6329446,10,MgBr4,-0.168809,-1.320657
wbm-3-18624,-69.326485,-7.702943,9,Zr6CrGa2,0.051565,-0.263741
wbm-1-42827,-74.66095,-7.466095,10,Sr2ThSbO6,0.241504,-2.939148
wbm-3-5064,-21.09219,-3.515365,6,AlRhI4,0.296407,-0.53476
wbm-3-75136,-94.595604,-7.882967,12,HfTiSb,-0.055297,-0.568677
wbm-5-4113,-15.703514,-5.2345047,3,NdCl2,0.075238,-2.367419
wbm-3-42023,-61.899498,-6.18995,10,Sm2MnGe2,0.131584,-0.560726
wbm-4-31282,-19.170261,-4.7925653,4,LuIn2Rh,0.205666,-0.36767
wbm-2-38751,-19.59491,-6.5316367,3,CeNiP,0.319405,-0.851001
wbm-1-37475,-50.572765,-6.3215957,8,SrNiO2,0.277476,-1.87075
wbm-1-50905,-22.359768,-3.726628,6,ZnS,0.001257,-1.061921
wbm-2-44619,-16.733719,-4.1834297,4,ScZnAu2,0.014255,-0.611684
wbm-3-56436,-103.22789,-8.6023245,12,SrNp(PO4)2,0.039744,-3.160506
wbm-3-61686,-21.79462,-5.448655,4,Tb2AgRh,0.030666,-0.556058
wbm-1-47791,-52.185127,-5.2185125,10,Te3Rh2,0.08537,-0.537459
wbm-3-64824,-72.49483,-6.0412354,12,TiNiPbS3,0.028551,-1.071791
wbm-4-19083,-24.554651,-4.91093,5,Mg2InRu2,0.083947,-0.049092
wbm-1-11111,-26.696974,-6.6742435,4,Co2NiRh,0.179055,0.161843
wbm-1-47420,-58.783592,-4.8986325,12,RbTaAgTe3,0.064956,-0.623928
wbm-3-20771,-48.85264,-8.142106,6,Hf2Cu,0.072246,-0.087688
wbm-3-45334,-61.047802,-6.10478,10,Tm6Pb2NO,0.161753,-1.185634
wbm-5-20436,-30.527918,-7.6319795,4,AcSiIr2,-0.320092,-0.686502
wbm-3-20705,-37.81796,-4.727245,8,LaCuGe6,0.226445,-0.088301
wbm-3-24826,-40.930264,-6.8217106,6,SrFe2Rh3,0.079102,-0.067968
wbm-1-33243,-33.578297,-2.7981913,12,NaInAu,-0.033433,-0.339144
wbm-1-8148,-17.927889,-4.481972,4,Ca2NiRu,0.374322,0.303382
wbm-2-50194,-25.616066,-4.2693443,6,TiAu5,0.079724,-0.152756
wbm-3-75252,-29.443981,-4.90733,6,TiZnGe,0.197849,-0.214914
wbm-1-4710,-91.128914,-8.284447,11,U2B4Rh5,0.117,-0.440999
wbm-3-38275,-50.201683,-4.5637894,11,Mg3(NiGe)4,0.056044,-0.301016
wbm-1-39300,-40.520447,-8.10409,5,NbPbO3,0.142748,-2.332062
wbm-3-1006,-45.39129,-5.673911,8,HoMnAl2,0.060822,-0.323294
wbm-4-2931,-27.432318,-6.8580794,4,AlVCuIr,0.101983,-0.448177
wbm-3-75641,-56.91241,-7.1140513,8,VCo2Ge,0.166508,-0.078772
wbm-5-17242,-45.378876,-5.6723595,8,Pr3Tl3Os2,0.29218,-0.003268
wbm-3-63161,-28.840809,-7.210202,4,PrRu,0.055976,-0.084327
wbm-3-57410,-46.61928,-5.82741,8,VZnSbO,0.229141,-0.911604
wbm-2-14808,-29.730133,-4.9550223,6,Dy2Bi,0.041065,-0.58181
wbm-2-38362,-102.88456,-8.573713,12,CrPRu,-0.002042,-0.414561
wbm-3-4589,-36.53974,-3.0449784,12,KAlAu,0.103944,-0.203087
wbm-1-1200,-87.58755,-7.298962,12,Nb2Al3Ru,0.027537,-0.478439
wbm-4-12115,-63.638664,-5.785333,11,Sm3(GaFe)4,0.09641,-0.310028
wbm-1-31477,-105.48349,-8.790291,12,Y5N5O2,0.166209,-2.078177
wbm-4-2981,-17.386477,-3.4772954,5,Lu2AlZn2,0.050852,-0.352652
wbm-2-929,-51.66937,-6.458671,8,ScAl2Ru,0.089884,-0.571676
wbm-2-45911,-30.213053,-6.0426106,5,Lu(SiPd)2,0.001399,-0.898562
wbm-4-26383,-78.91958,-7.8919578,10,Ba2CoWO6,0.01552,-2.563897
wbm-1-40528,-51.486202,-6.4357753,8,CrCu3O4,0.75124,-1.201554
wbm-3-9513,-67.06558,-8.383198,8,NbNiBN,0.309995,-0.610985
wbm-2-3475,-11.567154,-2.8917885,4,SrAl,0.039547,-0.167894
wbm-5-11788,-16.15164,-4.03791,4,Mg2ScAs,0.227139,-0.468821
wbm-3-41407,-107.47678,-11.941865,9,Pu6MnAs2,0.570596,0.098947
wbm-1-49118,-24.990368,-4.9980736,5,Rb(NiS)2,0.064075,-0.788876
wbm-1-43314,-103.118195,-9.374381,11,RbThTa2O7,0.13173,-3.312207
wbm-2-24933,-28.67302,-4.7788367,6,LiSiNi,0.008593,-0.391393
wbm-1-27974,-20.78042,-5.195105,4,MgGePt2,0.072972,-0.51711
wbm-4-32649,-49.127666,-4.093972,12,KCaAgS3,0.184897,-1.142134
wbm-1-2855,-24.47175,-6.1179376,4,SmAlPt2,0.232907,-0.884753
wbm-3-12713,-37.261703,-4.657713,8,Ca4SbSe3,0.139975,-1.801265
wbm-5-7962,-44.94085,-4.9934278,9,Pr3In3FeGe2,0.081358,-0.496475
wbm-5-12794,-31.027851,-6.20557,5,Dy2Mn2Cu,0.206142,0.105168
wbm-4-32854,-71.280334,-5.9400277,12,SrTbNiS3,0.054587,-1.868624
wbm-2-11307,-39.8891,-6.6481833,6,TbCo5,0.220256,0.09851
wbm-1-13948,-14.7129965,-4.904332,3,LaCuBi,0.192796,-0.521997
wbm-5-7854,-30.453814,-3.8067267,8,FeAu7,0.128252,0.128265
wbm-1-38744,-83.78229,-8.378229,10,HfGaO3,0.374458,-2.794514
wbm-3-66828,-43.7642,-5.470525,8,ScCu,0.031325,-0.249459
wbm-2-14041,-33.51415,-4.1892686,8,YbCuGe2,-0.016979,-0.487882
wbm-3-39775,-28.491554,-3.5614443,8,MgSb2Au,0.104938,-0.198596
wbm-1-971,-74.36722,-6.197268,12,Al2Co3Si,0.159413,-0.441707
wbm-3-41544,-36.02743,-7.2054863,5,Ce2MnCo2,0.012929,-0.138405
wbm-3-64948,-42.561783,-3.869253,11,Er(S2Br3)2,-0.411783,-1.110566
wbm-1-11442,-38.511898,-6.4186497,6,LaCoAs,0.163724,-0.878747
wbm-3-3449,-39.188725,-4.354303,9,Al8Fe,0.105941,-0.048338
wbm-1-30506,-85.780396,-8.578039,10,Y2N2O,0.215692,-2.104105
wbm-3-38165,-16.953577,-2.1191971,8,SrMg2Ag,-0.034626,-0.217483
wbm-4-2061,-69.96417,-5.8303475,12,LaAlFe,0.161117,-0.120146
wbm-3-28128,-60.47489,-5.039574,12,Tb2Ga3Rh,-0.010154,-0.727625
wbm-1-2698,-137.46756,-4.2958612,32,RbAlSe2,-0.231657,-1.386479
wbm-4-9223,-15.842273,-3.9605682,4,YbCu2Sb,0.193173,-0.395514
wbm-1-4320,-102.961845,-10.296185,10,Pu3Ni2B2N3,-0.057911,-1.074861
wbm-3-3790,-29.531746,-4.9219575,6,SmAlCl,0.005783,-1.438017
wbm-2-39517,-41.454018,-5.181752,8,ErInPd2,0.107903,-0.733288
wbm-2-4573,-43.900536,-7.316756,6,Th2As,0.157509,-0.773009
wbm-2-47121,-38.818413,-6.4697356,6,CoSiPd,0.024178,-0.525615
wbm-3-1077,-35.797928,-5.9663215,6,ThAl2Ni3,0.056928,-0.535685
wbm-3-12409,-27.678913,-5.535783,5,Ca2GaIr2,-0.05372,-0.585242
wbm-2-33269,-21.798946,-5.4497366,4,AgSnO2,0.317253,-1.263971
wbm-1-37963,-30.972233,-7.743058,4,ZrAgO2,0.403905,-2.456928
wbm-1-48041,-45.79547,-11.448868,4,Pu2OsRh,0.770531,0.540546
wbm-1-46078,-37.9236,-6.3206,6,HoPPd,0.036324,-1.235651
wbm-1-16259,-46.912773,-4.6912775,10,Rb3BiF6,0.01974,-2.874493
wbm-4-27582,-79.82133,-7.982133,10,Sr2NbRuO6,0.024688,-2.777254
wbm-2-6004,-45.227596,-5.6534495,8,SmZnBC,0.185707,-0.223655
wbm-2-6476,-80.605415,-6.717118,12,SmBPt4,-0.131447,-0.776622
wbm-1-61701,-36.550983,-9.137746,4,HfZrRh2,0.029752,-0.797956
wbm-1-3503,-75.99276,-6.33273,12,ErAsPt,-0.008821,-1.200309
wbm-1-24753,-44.194496,-4.41945,10,Cs2LiTmCl6,0.000294,-2.492067
wbm-5-1574,-22.516096,-5.629024,4,ErAlPd2,0.014675,-0.918821
wbm-1-50069,-42.96559,-5.370699,8,TaGa3S4,0.264265,-0.721774
wbm-3-13436,-39.60448,-4.95056,8,CaNiAs2,0.037717,-0.667286
wbm-5-19595,-17.540928,-4.385232,4,TbPb2Se,0.607368,-0.392183
wbm-4-35302,-67.15982,-5.5966516,12,Pr2Si3Au,-0.142351,-0.762431
wbm-3-15223,-26.566355,-6.6415887,4,Y2AsCl,0.113732,-1.584565
wbm-5-14872,-50.897324,-5.655258,9,Ce6NiPb2,0.064707,-0.241028
wbm-2-16747,-60.38359,-6.7092876,9,GaFe2,0.093377,-0.059108
wbm-3-21343,-22.627914,-4.525583,5,NdCuSn3,0.123529,-0.278963
wbm-2-29313,-113.70012,-10.336374,11,Zr3(TaN3)2,0.444797,-1.155722
wbm-1-36166,-7.44391,-3.721955,2,TlNi,0.33343,0.33339
wbm-4-13870,-17.321924,-4.330481,4,TlGaPd2,0.185821,-0.298237
wbm-2-22494,-24.728802,-3.0911002,8,In3Sb,0.093772,-0.010767
wbm-1-31916,-40.593,-4.0593,10,Sr6Si2NF,0.061467,-0.997677
wbm-1-60042,-39.412064,-6.5686774,6,YSnPt,0.057164,-1.015507
wbm-3-20360,-90.5594,-7.546617,12,NpCuAs,0.229703,-0.232926
wbm-2-36090,-70.70491,-7.070491,10,Sr2RuRhO6,0.01125,-2.11659
wbm-4-9156,-30.067791,-6.0135584,5,Pa2InCu2,0.026233,-0.034076
wbm-3-47078,-39.429165,-9.857291,4,GdNbPt2,0.375802,-0.54506
wbm-3-29942,-73.87091,-6.155909,12,PrGe2Pt3,0.000905,-0.761914
wbm-5-11189,-13.822842,-3.4557104,4,LiMgFeAg,0.342658,0.179248
wbm-4-26360,-80.776245,-8.077624,10,Dy2CdWO6,0.189004,-2.794368
wbm-1-14934,-27.331882,-5.4663763,5,KCaF3,0.024247,-3.70066
wbm-3-43465,-89.91601,-8.991601,10,Y2MnN2,0.268854,-1.225013
wbm-3-59370,-65.098206,-5.4248505,12,TmPAu,0.206228,-0.863143
wbm-1-52144,-29.88735,-7.4718375,4,ScTiCo2,0.029957,-0.355618
wbm-4-34575,-50.598503,-4.216542,12,TlPdSe,0.098847,-0.413843
wbm-1-20281,-78.68883,-7.8688827,10,Eu3H2,0.070567,-0.341008
wbm-1-35208,-28.757784,-4.792964,6,SrNiAs,-0.024455,-0.781255
wbm-1-29292,-72.66407,-9.083009,8,Mn3Ir,0.138312,-0.01178
wbm-5-2106,-24.739815,-8.246605,3,HfAsRh,0.016482,-0.832934
wbm-1-2309,-39.07017,-9.767543,4,Ta2AlMo,0.151386,-0.06747
wbm-1-60297,-10.728496,-3.5761652,3,Zn2Rh,0.023941,-0.325715
wbm-1-29340,-42.782043,-6.1117206,7,Mn3(PbSe)2,0.217523,-0.237723
wbm-4-36667,-20.19502,-5.048755,4,PmHoSn2,-0.04664,-0.634597
wbm-3-11930,-60.18537,-8.59791,7,TaCO5,0.244698,-2.182245
wbm-3-17117,-36.27899,-7.2557983,5,PuCoGe3,-0.09926,-0.415737
wbm-2-39878,-23.221344,-5.805336,4,ErPd,-0.019268,-0.950413
wbm-1-31380,-43.788334,-8.757667,5,YbWN3,-0.054045,-0.845575
wbm-3-62206,-74.95407,-6.2461724,12,NdSnRh,0.009034,-0.841613
wbm-3-38871,-40.910645,-4.0910645,10,Yb2MgFe2,0.271429,0.246073
wbm-5-12920,-26.928434,-6.7321086,4,AcMn2Sb,-0.005637,-0.068816
wbm-1-35879,-37.971027,-9.492757,4,U2NiRu,0.250523,0.028275
wbm-1-14570,-12.342028,-4.1140094,3,Dy2Tl,0.036795,-0.228498
wbm-4-28013,-89.780975,-8.161907,11,NdEuGe2O7,0.005207,-2.800174
wbm-3-78933,-14.636859,-4.878953,3,ZrAgPb,0.305579,0.15753
wbm-3-56203,-102.09123,-8.507603,12,CsPr(WO4)2,0.037213,-2.593871
wbm-3-71392,-99.97488,-8.33124,12,NbSiRh,0.224235,-0.616623
wbm-4-18880,-44.47373,-4.447373,10,Mg2CrGe2,0.15179,-0.039419
wbm-1-46144,-74.44075,-6.203396,12,BaPRu,0.21352,-0.588104
wbm-5-11192,-32.156036,-5.359339,6,LiMg(CoP)2,0.158847,-0.5278
wbm-1-37583,-59.15384,-7.39423,8,RbNbO2,0.302694,-2.063822
wbm-3-45322,-72.80116,-7.280116,10,Sc6Pb2NO,0.045927,-1.285922
wbm-1-21443,-54.67633,-4.5563607,12,CsHO,0.027514,-1.465603
wbm-1-47364,-21.444153,-4.2888308,5,Rb2Rh3,0.534904,0.534885
wbm-4-35556,-36.73036,-7.3460717,5,Hf2SiCl2,0.179088,-1.368002
wbm-1-42422,-80.75494,-8.075494,10,Y2MgGeO6,0.073978,-3.21547
wbm-2-36046,-75.645744,-7.5645742,10,Sr2CeIrO6,0.041482,-2.801697
wbm-2-23571,-21.839914,-2.7299893,8,LaHg2Au,0.029259,-0.500502
wbm-2-5969,-62.800396,-7.8500495,8,ScCoBC,0.067082,-0.449738
wbm-3-58663,-69.54167,-5.7951393,12,YbFeP,-0.05392,-0.673499
wbm-1-34748,-29.166504,-5.8333006,5,Y2TlNi2,-0.067277,-0.468465
wbm-2-33507,-47.08169,-7.8469486,6,DyO2,0.312801,-3.029224
wbm-3-67563,-84.02206,-7.001838,12,HfSe2,0.400457,-1.259553
wbm-1-14251,-38.488632,-4.811079,8,LaCuSn2,0.010936,-0.537364
wbm-1-3981,-30.174189,-6.0348377,5,Ba(BPt)2,0.212343,-0.320309
wbm-3-57990,-71.391594,-7.139159,10,Sc2NiP2,0.029066,-1.289368
wbm-3-49003,-58.327732,-4.8606443,12,ZrGa4Ni,0.077188,-0.398749
wbm-1-36074,-25.342052,-4.2236753,6,SrNiSn,0.086414,-0.365784
wbm-1-3052,-38.75415,-9.688538,4,AlVRe2,0.065331,-0.224749
wbm-2-48634,-72.57092,-7.2570925,10,La(SnOs)2,0.374726,-0.036783
wbm-3-16242,-81.01748,-6.7514567,12,ThCo3Ge2,0.094746,-0.421143
wbm-4-36374,-50.630013,-8.438335,6,Y2SiIr3,0.007256,-0.933844
wbm-4-8363,-31.691727,-10.563909,3,Cr2Re,0.023995,0.023954
wbm-3-42199,-22.27581,-5.5689526,4,HoMnAu2,0.19253,-0.464095
wbm-3-74037,-65.383316,-6.5383315,10,Tb2TlIr2,0.08266,-0.575617
wbm-2-17507,-82.44786,-6.870655,12,FeCoGe,0.076783,-0.087746
wbm-5-2232,-54.655346,-6.0728164,9,Al2FeB6,0.47481,0.334507
wbm-2-25226,-44.068535,-5.508567,8,GdMg2Cu,-0.035052,-0.174937
wbm-3-39408,-59.47162,-6.607958,9,MgNpNi,0.314928,0.183693
wbm-4-22829,-113.96038,-11.396038,10,Ta3IrN,0.040374,-0.821554
wbm-3-35062,-26.187578,-4.3645964,6,KHoAs,0.296705,-0.715623
wbm-3-76720,-18.040096,-3.6080194,5,Th(ZnGa)2,0.004268,-0.40823
wbm-5-16032,-60.43255,-7.5540686,8,HfNiP2,0.024449,-0.88335
wbm-3-69549,-26.003769,-5.2007537,5,InSi3Pt,0.202032,-0.068826
wbm-1-20233,-74.18685,-8.242984,9,ZrGeRu,0.010518,-0.779797
wbm-1-37624,-50.949615,-6.368702,8,BiRhO2,0.3076,-0.976487
wbm-1-56649,-13.002963,-3.2507408,4,SrAu,0.004083,-0.775297
wbm-1-6027,-10.083824,-5.041912,2,ScBe,0.081128,-0.036118
wbm-2-37553,-46.866924,-5.8583655,8,HoZnAsO,0.006215,-1.989569
wbm-1-28571,-37.72693,-4.191881,9,MgScCu,0.036235,-0.159169
wbm-3-20413,-36.366936,-3.030578,12,BaTlCu,0.075752,-0.144253
wbm-3-8237,-77.299225,-7.027202,11,Tm2Co5B4,-0.003916,-0.545207
wbm-3-27114,-28.897467,-3.6121833,8,SrTl2Fe,0.36093,0.107047
wbm-2-11390,-95.967316,-7.9972763,12,EuCoAs,0.185474,-0.619867
wbm-1-12135,-42.77096,-5.34637,8,Tm3Co,-0.039195,-0.171016
wbm-3-47577,-40.610718,-8.122144,5,Np2GaNi2,0.074132,-0.136503
wbm-3-58155,-62.40551,-5.6732283,11,Yb3Cr2(CuP2)2,-0.246623,-0.789012
wbm-3-23558,-47.986702,-5.9983377,8,SrDyF6,0.08568,-3.735502
wbm-3-56786,-61.946198,-6.1946197,10,KRb2HfOF5,0.025747,-3.428814
wbm-2-17901,-48.03725,-5.3374724,9,PrInFe,0.491979,0.166909
wbm-3-75045,-64.82608,-5.4021735,12,RbTiNiSe3,-0.029695,-1.183502
wbm-1-49194,-18.41324,-3.6826482,5,Rb2AuS2,0.126999,-0.893755
wbm-3-54180,-75.4452,-7.54452,10,Ba2SmMnO6,0.044844,-2.785025
wbm-4-28628,-28.863567,-4.8105946,6,CsDy(CuP)2,-0.034955,-0.699958
wbm-3-46391,-26.039213,-2.893246,9,NaSrGe,0.138154,-0.275805
wbm-2-30833,-54.35845,-6.7948065,8,NaUS2,0.098408,-1.525103
wbm-2-5282,-55.77866,-5.577866,10,Yb(BPd)2,0.316336,-0.29027
wbm-3-49861,-32.8136,-5.468933,6,PrNiSn,0.045201,-0.564392
wbm-4-25918,-73.51624,-7.3516245,10,Sr2MnAlO6,0.035043,-2.757205
wbm-1-257,-10.837725,-2.7094312,4,In3Ag,0.108182,0.096192
wbm-4-20854,-35.083385,-8.770846,4,ZrMn2Rh,0.214003,-0.184517
wbm-4-22670,-89.75922,-8.975922,10,Nb3AuN,0.049482,-0.602478
wbm-2-4586,-104.00461,-8.66705,12,UAs,0.070007,-0.651484
wbm-3-30077,-44.84823,-5.6060286,8,BaGe2Ru,0.104233,-0.388642
wbm-1-36101,-35.05264,-8.76316,4,Eu2TcNi,0.49181,0.432081
wbm-4-15361,-31.339115,-5.223186,6,TbTmGe,0.131009,-0.576575
wbm-1-50834,-41.672134,-6.945356,6,HfSnS,0.299841,-0.872348
wbm-3-66047,-29.438078,-9.812693,3,PuSbOs,0.947105,0.455523
wbm-3-76867,-16.377878,-2.7296464,6,LuZn2,0.003018,-0.378099
wbm-4-37246,-21.657656,-5.414414,4,SrSnRh2,0.098317,-0.305944
wbm-4-36838,-22.702257,-3.7837095,6,BaSnAu,0.031044,-0.631932
wbm-1-8840,-49.68283,-5.5203147,9,CaMnGe,0.19737,-0.243573
wbm-3-19454,-28.735384,-4.105055,7,Sm2In3Cu2,0.071728,-0.320126
wbm-2-42476,-65.844986,-5.487082,12,DyCuPbS3,-0.00321,-1.35485
wbm-3-8006,-96.17435,-8.014529,12,BaFe2B2O7,0.056865,-2.461698
wbm-3-78191,-20.45983,-3.4099715,6,Yb3ZnPd2,0.011904,-0.690772
wbm-3-35421,-22.978481,-4.5956964,5,K(DyNi)2,0.205712,-0.157671
wbm-4-32604,-71.24095,-5.936746,12,RbDyFeS3,0.076705,-1.575058
wbm-3-11492,-46.474564,-6.6392236,7,La2Co2Ge2C,-0.022585,-0.569075
wbm-3-15357,-39.318962,-6.55316,6,NbSeCl,0.06757,-1.338779
wbm-3-75964,-57.911507,-4.8259587,12,Rb2VSe3,-0.06917,-1.232594
wbm-4-36854,-70.23088,-7.023088,10,Dy2SnIr2,-0.060078,-0.843612
wbm-3-19958,-26.750204,-4.4583673,6,YbCu3Pd2,-0.024205,-0.439733
wbm-2-17110,-94.43672,-7.8697267,12,Ce2Fe3Ru,0.036585,-0.135894
wbm-1-30125,-51.10958,-8.518264,6,LuMo2,0.028829,0.028879
wbm-4-38293,-33.3314,-8.33285,4,VCr2Ge,0.088043,-0.104859
wbm-1-120,-44.80756,-5.600945,8,PuAg3,0.066165,0.066189
wbm-4-3395,-52.44233,-8.740388,6,PrPuAs,0.079748,-0.914373
wbm-4-26933,-74.0234,-7.40234,10,Sr2MgMoO6,-0.000752,-2.86582
wbm-2-5975,-63.355865,-7.919483,8,ScBRhC,0.225966,-0.435607
wbm-3-55070,-86.55986,-8.655986,10,Sr2ThTaO6,0.22931,-3.384137
wbm-1-48585,-30.51956,-7.62989,4,Tb2OsRu,0.168426,-0.144086
wbm-2-19444,-70.952774,-7.0952773,10,Dy(GeIr)2,0.053704,-0.734073
wbm-1-330,-37.751457,-4.718932,8,NdAgSb2,-0.083902,-0.778475
wbm-1-49172,-42.184277,-4.2184277,10,Tl2PdS2,0.014179,-0.534413
wbm-5-2961,-74.58539,-8.287266,9,Tb2BIr6,-0.017639,-0.657568
wbm-2-50735,-48.84871,-6.1060886,8,V3In3Pt2,0.266077,-0.126876
wbm-1-21059,-36.287556,-4.5359445,8,TmHBr2,-0.084895,-1.859363
wbm-5-2312,-70.90715,-7.8785725,9,Dy(B3Os)2,0.153378,-0.309883
wbm-1-6817,-80.76511,-8.07651,10,CaFe(CO3)2,0.122583,-2.117076
wbm-4-36553,-13.81894,-3.454735,4,BaYbSn2,0.165918,-0.514852
wbm-3-28296,-40.62947,-5.80421,7,Pr(NbGa2)2,0.05444,-0.441416
wbm-3-43696,-40.22594,-8.045188,5,Y2SeN2,0.415576,-1.314889
wbm-4-24471,-62.081078,-5.1734233,12,EuGa4Ni,-0.016601,-0.489866
wbm-3-32467,-48.404324,-6.0505404,8,MnH4Ir3,0.393129,0.311009
wbm-4-20243,-35.455853,-3.5455852,10,RbMgAgSe2,-0.056684,-1.125244
wbm-1-14124,-32.77247,-4.0965586,8,YbCuSb2,0.007214,-0.607698
wbm-2-30399,-33.007374,-5.501229,6,NaAsRu,-0.099354,-0.41579
wbm-3-73023,-79.97149,-6.664291,12,DySnIr,-0.122936,-0.831553
wbm-2-42120,-22.71991,-5.6799774,4,MnAgS2,0.038468,-0.628691
wbm-4-24520,-34.745552,-5.7909255,6,NdNiGe,-0.009472,-0.704601
wbm-3-19837,-15.354248,-2.5590413,6,YbZn3Cu2,-0.038579,-0.292626
wbm-3-67821,-63.873833,-6.3873835,10,BaHfSe3,0.019628,-1.889881
wbm-3-6837,-69.85027,-5.820856,12,SrAsIr,0.026346,-0.692305
wbm-3-4486,-12.472805,-3.1182013,4,ThAlHg2,0.136543,-0.155508
wbm-1-24389,-17.429384,-2.489912,7,Li5Ga2,-0.005331,-0.261647
wbm-5-18534,-50.693497,-6.336687,8,VS3,0.100079,-0.945454
wbm-2-33152,-60.707756,-5.0589795,12,BaSmNiTe3,0.270206,-1.375247
wbm-2-18358,-21.184465,-3.5307443,6,PrGa2Ag3,0.108918,-0.237842
wbm-1-1944,-41.887077,-6.9811797,6,AlCrPt,0.344107,-0.350861
wbm-3-36225,-27.780617,-3.9686596,7,Li2Eu(CdGe)2,0.041835,-0.372782
wbm-1-16834,-44.331413,-4.0301285,11,Fe2PdBr8,-0.070065,-0.87596
wbm-2-12548,-24.02255,-6.0056376,4,CrBr,0.569228,-0.284372
wbm-2-911,-41.653893,-5.9505563,7,Al2CrS4,0.094809,-1.112119
wbm-4-29636,-59.922924,-4.993577,12,PS2,0.090616,-0.418172
wbm-3-2822,-60.87905,-5.073254,12,YbAl4Os,0.054925,-0.398052
wbm-3-24163,-52.81185,-6.6014814,8,CeFe2Au,0.27491,-0.046308
wbm-3-8715,-68.38732,-7.5985913,9,Mn(FeB3)2,0.119458,-0.210111
wbm-4-5539,-50.276142,-5.027614,10,Ca2MnSb2,0.075024,-0.729821
wbm-2-3207,-37.07962,-4.6349525,8,AlBi2S4Br,0.012936,-0.968276
wbm-2-36406,-75.89953,-6.899957,11,NaPrAs2O7,0.03021,-2.352885
wbm-3-35976,-8.713866,-2.1784666,4,Li2AlHg,-0.015379,-0.291101
wbm-3-23561,-56.6343,-7.0792875,8,SrGdF6,-0.009177,-3.652773
wbm-3-30034,-60.976273,-6.097627,10,La2Ge2Rh,0.060886,-0.82363
wbm-3-77552,-50.39524,-5.039524,10,Ho2ZnAs2,0.294655,-0.920148
wbm-3-66410,-56.934574,-4.744548,12,Sc2Zn3Ru,-0.011256,-0.401049
wbm-3-12710,-37.138714,-3.3762467,11,Ca4In5Ni2,0.116984,-0.277904
wbm-1-12997,-35.1102,-3.51102,10,Sr(GaCu)2,0.009065,-0.291013
wbm-4-7754,-20.476643,-5.1191607,4,Nd2GaCo,0.156812,-0.174723
wbm-1-52319,-30.187439,-3.3541598,9,Rh(SeBr3)2,0.090281,-0.701006
wbm-3-62241,-35.20863,-8.802157,4,U2SnRh,0.140206,-0.203143
wbm-3-63851,-48.269615,-6.033702,8,TiGaS2,0.147463,-1.1641
wbm-4-32036,-37.293617,-6.215603,6,LaRuI,0.074464,-0.948071
wbm-4-5489,-25.935385,-5.187077,5,Ca2FeCo2,0.172713,0.145532
wbm-1-35220,-19.073915,-4.768479,4,Ac2NiAu,-0.178529,-0.408156
wbm-1-40791,-80.82185,-6.7351546,12,KTiO4,0.175248,-2.122025
wbm-3-64380,-51.46407,-4.2886724,12,KInCuS3,0.117284,-0.824813
wbm-2-38644,-77.3067,-6.442225,12,LuP,0.195596,-1.390429
wbm-4-32179,-19.494356,-6.498119,3,Tm2Ru,-0.006608,-0.411996
wbm-3-69583,-80.682304,-8.068231,10,PuMnSi3,0.154851,-0.282338
wbm-1-9050,-16.2679,-4.066975,4,CaSb3,-0.001281,-0.496276
wbm-4-18003,-105.918945,-8.826579,12,Li2ScTa2O7,0.168893,-3.063826
wbm-3-74892,-48.154114,-8.025685,6,TiNbGe,0.033917,-0.507846
wbm-3-58661,-59.868652,-7.4835815,8,FeP,0.232431,-0.366004
wbm-4-2765,-19.409014,-4.8522534,4,Dy2AlSn,0.205698,-0.441538
wbm-4-21219,-22.396873,-5.5992184,4,Sm2MnCu,0.131395,0.027361
wbm-4-1690,-44.72356,-4.0657783,11,Tm(Al3Sb2)2,0.362863,0.013343
wbm-3-34483,-25.798817,-2.8665352,9,LuInHg,0.070416,-0.283813
wbm-3-76184,-23.597685,-5.899421,4,EuYAg2,0.044631,-0.281326
wbm-3-61023,-3.3537111,-1.6768556,2,RbTm,0.986978,0.986943
wbm-3-41898,-81.2462,-6.770517,12,Hf2MnGa3,0.037661,-0.388689
wbm-4-28137,-75.234695,-6.269558,12,K3NpO8,0.215552,-1.721406
wbm-2-35263,-64.64801,-7.183112,9,Sm(AsO3)2,0.191278,-2.219697
wbm-5-4461,-43.48018,-8.696035,5,Np2Co2Pb,0.405294,0.360047
wbm-4-12514,-25.823038,-6.4557595,4,Ho2FePt,0.205108,-0.517605
wbm-2-18923,-29.308887,-3.2565432,9,LuCdGa,-0.019711,-0.457911
wbm-5-15941,-29.08976,-4.8482933,6,RbTb(CuP)2,-0.059625,-0.716065
wbm-3-60947,-52.931923,-5.2931924,10,Rb(NdRh)2,0.351202,-0.190998
wbm-2-19790,-21.020107,-4.2040215,5,Sr(GeSb)2,0.117878,-0.360051
wbm-4-15489,-20.530205,-4.106041,5,La(GaH)2,-0.004826,-0.548884
wbm-2-50480,-58.76684,-4.897237,12,Rb2TiSe3,-0.155641,-1.476032
wbm-2-23778,-33.055668,-4.722238,7,BaLi2(MnSn)2,0.194023,-0.177866
wbm-5-13542,-21.098274,-5.2745686,4,TmMnPb2,0.605651,0.390977
wbm-3-67239,-33.944782,-5.6574636,6,PrScBi,-0.019607,-0.670801
wbm-2-22940,-32.853794,-3.6504216,9,K2ThI6,0.018626,-1.617331
wbm-1-31566,-61.60597,-6.160597,10,Tb3AlN,0.089348,-0.884229
wbm-2-9775,-22.22705,-7.409017,3,Eu2Cd,-0.013095,-0.248307
wbm-2-38730,-91.91486,-7.659572,12,SmNbP,0.121823,-0.922336
wbm-2-26931,-30.196592,-3.355177,9,SrMgPd,-0.02154,-0.538759
wbm-4-18342,-28.54961,-3.172179,9,LiYbGe,-0.00712,-0.525842
wbm-4-35058,-55.40503,-6.9256287,8,ErSi2Ru,0.12149,-0.687114
wbm-2-12440,-43.576435,-7.262739,6,LaCr3Ge2,0.357893,-0.008429
wbm-1-3573,-56.942207,-4.745184,12,In2AsPd3,0.021491,-0.439496
wbm-3-71494,-99.10544,-8.258786,12,Ta2SiNi3,0.031756,-0.467563
wbm-2-17238,-44.277363,-6.3253374,7,CdFe5Te,0.483198,0.291952
wbm-2-38640,-59.497917,-6.61088,9,LuPPt,0.063478,-1.235963
wbm-3-333,-29.701605,-7.425401,4,Np2InAg,0.489219,0.477232
wbm-1-50682,-54.089478,-4.5074563,12,KNiS,0.125729,-0.756741
wbm-3-71721,-43.75201,-7.2920017,6,PrSiIr,0.020523,-0.925121
wbm-3-42966,-19.797033,-4.9492583,4,MnTe2Pb,0.917219,0.457133
wbm-1-3948,-29.474104,-7.368526,4,UAu,0.198334,-0.012261
wbm-3-4648,-62.3239,-6.9248776,9,MnAlCo,0.194723,-0.212931
wbm-5-23300,-27.020254,-6.7550635,4,ZrSn,0.299315,-0.251821
wbm-1-42661,-57.66774,-5.766774,10,Zn(NiO2)3,0.237015,-0.869109
wbm-2-52160,-24.800089,-4.9600177,5,Sm2ZnPd2,0.032013,-0.742234
wbm-2-44974,-65.77681,-5.481401,12,RbUAgSe3,0.022028,-1.239804
wbm-2-9589,-17.06226,-2.1327825,8,CaZn2In,0.011861,-0.299305
wbm-5-5236,-36.151527,-9.037882,4,Mn2CrFe,0.106376,0.106351
wbm-4-20445,-21.716515,-5.4291286,4,YMgPd2,0.018262,-0.807844
wbm-4-33949,-47.894638,-7.9824395,6,ScGeOs,0.132271,-0.496134
wbm-3-69856,-71.88879,-6.535344,11,Ho3(CoSi)4,0.048537,-0.706442
wbm-3-71532,-72.62797,-6.0523305,12,NdSiNi,0.017759,-0.688645
wbm-3-19915,-28.425545,-4.737591,6,TbCu3Ge2,0.171684,-0.253338
wbm-2-21716,-24.779139,-6.1947846,4,EuAlSiH,-0.057534,-0.518571
wbm-2-28274,-38.573624,-4.2859583,9,SrMnTl,0.440961,0.153964
wbm-4-22483,-23.198425,-3.8664043,6,CdNF,0.171283,-1.069062
wbm-2-50886,-25.06843,-6.2671075,4,VGa,0.040044,-0.17623
wbm-1-58700,-41.248035,-6.8746724,6,TaTiSe4,0.005664,-1.27408
wbm-3-77461,-12.8111,-2.1351833,6,PrZn5,0.195127,-0.117662
wbm-2-40448,-3.3181071,-1.6590536,2,RbLu,0.991055,0.991063
wbm-4-8373,-27.241169,-6.8102922,4,ErCr2Sn,0.546039,0.202511
wbm-1-57814,-33.159756,-4.7371078,7,Yb(TiGa2)2,0.056319,-0.4758
wbm-2-32863,-43.542328,-5.442791,8,NiPt2Pb,0.127061,-0.035607
wbm-4-34533,-37.782143,-6.297024,6,NbSeBr,0.064018,-1.187657
wbm-2-33262,-52.986187,-6.6232734,8,LuAgO2,0.447449,-2.264821
wbm-1-33391,-36.904137,-3.0753448,12,K2NaTlP2,0.051652,-0.273948
wbm-3-49483,-41.42518,-6.9041963,6,ThNiPt4,0.113391,-0.639868
wbm-3-19263,-21.466389,-4.2932777,5,Dy2TlCu2,-0.025529,-0.320155
wbm-4-22749,-74.25489,-9.281861,8,U2PbN,0.246727,-0.498317
wbm-2-51754,-18.308033,-3.051339,6,TaZn5,0.252201,0.207528
wbm-4-39748,-12.905111,-4.301704,3,ThZnPb,0.246828,-0.051577
wbm-3-68916,-49.46207,-6.182759,8,NbSi2Ag,0.241239,-0.135193
wbm-1-40700,-89.834045,-7.4861703,12,NdGeO4,0.121797,-2.61505
wbm-4-3687,-36.400177,-6.066696,6,ZnB2Pt2C,0.425572,0.161883
wbm-3-44085,-94.44586,-9.444586,10,ZrCrN3,0.447007,-0.613741
wbm-1-13639,-23.55222,-5.888055,4,Th2CuAu,0.093259,-0.293758
wbm-1-51855,-30.94851,-7.7371273,4,ScMnPt2,0.028359,-0.798483
wbm-4-13474,-55.2174,-4.60145,12,LuGa4Rh,0.044609,-0.590168
wbm-1-48302,-65.2626,-5.4385505,12,TlTe3Ru2,0.336817,-0.160197
wbm-2-25722,-43.723206,-3.6436005,12,CsCaMgTe3,0.097259,-1.237573
wbm-2-16020,-47.000916,-5.8751144,8,HoNiF6,0.013472,-3.135261
wbm-1-35708,-196.69432,-4.917358,40,LaNiBi3,-0.007576,-0.482609
wbm-4-5236,-65.63629,-6.563629,10,Er3PC,0.048508,-0.786659
wbm-2-11332,-53.183174,-6.647897,8,DyCo7,0.295534,0.186481
wbm-4-305,-81.83435,-6.819529,12,Al2Co3Os,0.261315,-0.146331
wbm-1-27653,-20.086063,-5.021516,4,MgCo2Sn,0.026876,-0.070438
wbm-3-68966,-73.693436,-6.1411195,12,PrSi2Ni3,0.020664,-0.656823
wbm-2-16849,-35.100956,-8.775239,4,Fe2MoRh,0.1793,0.084809
wbm-1-17683,-29.356096,-4.193728,7,In2FeTe4,0.0959,-0.406577
wbm-5-16248,-40.538513,-6.7564187,6,TmCoP,-0.008088,-1.086633
wbm-1-11595,-20.84856,-5.21214,4,Ga2CoPt,0.104161,-0.351845
wbm-2-33164,-40.69887,-5.087359,8,Tm3Ni,0.036132,-0.239066
wbm-2-20074,-33.506836,-6.7013674,5,YGe3Os,0.03358,-0.400193
wbm-4-11674,-25.29303,-6.3232574,4,LaHoFe2,0.431431,0.356647
wbm-2-32715,-38.43582,-6.40597,6,YNiGe,0.031721,-0.765123
wbm-4-14587,-46.527275,-5.1696973,9,Nd3In3Ge2Ru,0.01216,-0.607297
wbm-4-21926,-18.79403,-4.6985073,4,CaCdN2,0.691982,0.135107
wbm-5-21387,-20.030561,-5.0076404,4,SrPd2Rh,0.371583,-0.105194
wbm-3-3680,-26.820532,-3.3525665,8,CaAlGa2,0.072788,-0.339003
wbm-4-26177,-72.54816,-7.2548156,10,Ca2PuHgO6,0.1884,-2.407062
wbm-3-53898,-84.40293,-8.440293,10,La2YbWO6,0.390039,-2.970446
wbm-4-16741,-32.946846,-5.491141,6,TbPtI,0.052475,-1.357047
wbm-2-49362,-38.05168,-3.1709735,12,SrCdPd,-0.043501,-0.571496
wbm-1-3794,-65.07818,-5.4231815,12,DyTeAs,7.7e-05,-1.317594
wbm-3-68292,-34.29751,-5.7162514,6,PrSbSe,-0.094899,-1.611366
wbm-3-29126,-24.978828,-6.244707,4,PrGaRh2,0.075022,-0.588849
wbm-3-51873,-94.765076,-7.8970895,12,CsReO4,-0.004556,-2.36318
wbm-5-15582,-45.80069,-9.160138,5,Eu3AlO,0.006188,-1.369401
wbm-3-50240,-36.684822,-6.114137,6,CaO2,-0.069931,-2.277332
wbm-1-12852,-19.654547,-4.9136367,4,CrTe3,0.652528,0.20199
wbm-4-27063,-87.16434,-8.716434,10,Ba2NpMoO6,-0.048528,-3.039982
wbm-1-7288,-102.53193,-5.1265965,20,CClF3,0.021892,-1.775823
wbm-3-48002,-44.649155,-5.5811443,8,NdNi2Sn,0.040088,-0.456626
wbm-1-55569,-25.706278,-3.6723254,7,SiSbAu5,-0.01121,-0.02895
wbm-2-29480,-26.615482,-6.6538706,4,Tm2NCl,0.228435,-1.674554
wbm-5-19245,-18.320621,-4.5801554,4,PmScIn2,0.196035,-0.174163
wbm-3-68266,-28.229755,-9.409919,3,GdRhSe,0.230862,-1.222999
wbm-3-60559,-14.58803,-4.8626766,3,Pr2Pb,0.102825,-0.362377
wbm-5-8678,-11.142416,-2.785604,4,BaGa,0.1032,-0.283782
wbm-4-35244,-42.323174,-5.2903967,8,Mn2(InSi)3,0.487689,0.237616
wbm-3-17253,-43.077496,-4.7863884,9,Ho6In2Co,0.045522,-0.287444
wbm-1-5447,-26.451704,-5.290341,5,Tm3SnB,0.066567,-0.50036
wbm-5-14941,-51.65547,-8.609245,6,PuNiGe,-0.156027,-0.458697
wbm-3-40472,-53.258724,-6.6573405,8,HoMn2Cu,0.276756,0.143354
wbm-4-28812,-48.247456,-4.8247457,10,Sr2NiP2,0.155863,-0.766636
wbm-1-39421,-71.20478,-5.9337316,12,Rb2LaO3,0.082534,-2.303049
wbm-5-14018,-33.44674,-3.7163043,9,Na2Sr(CuTe2)2,0.058798,-0.855092
wbm-2-36760,-95.021935,-7.9184947,12,BaNd(PO4)2,0.067143,-3.136182
wbm-1-35101,-73.16535,-6.651396,11,Hf3(NiSn)4,0.221131,-0.338672
wbm-3-64918,-64.49363,-5.3744693,12,ZrTlZnS3,0.122297,-1.159576
wbm-2-12986,-15.666435,-3.9166088,4,CdCu2Pt,0.021662,-0.132733
wbm-3-63704,-51.063465,-5.1063466,10,RbMnAgS2,0.005636,-0.860496
wbm-5-7130,-48.436253,-6.0545316,8,TiInF6,0.048717,-3.20423
wbm-5-12852,-39.928127,-7.9856253,5,Zr2Mn2Ga,0.172545,-0.190474
wbm-3-55297,-83.20728,-8.320728,10,Ho2TiGaO6,0.191477,-3.30772
wbm-5-12098,-22.089167,-5.5222917,4,ErMgFe2,0.313567,0.216905
wbm-1-45484,-20.89203,-4.1784062,5,Yb2PBr2,0.016791,-1.784742
wbm-3-66097,-23.63878,-5.909695,4,Sm2SbPt,0.260229,-0.969692
wbm-5-1505,-27.151558,-5.4303117,5,Ho2AlNi2,0.040809,-0.516322
wbm-2-35266,-64.656494,-7.184055,9,Tm(AsO3)2,0.194492,-2.243773
wbm-2-46877,-21.504362,-5.3760905,4,Ce2SiAg,0.143162,-0.268688
wbm-3-59662,-26.450153,-5.2900305,5,La2TlPd2,-0.02258,-0.767478
wbm-4-33757,-40.877045,-6.812841,6,ScAsPt,0.125836,-0.998426
wbm-1-6816,-77.90867,-7.0826063,11,Cs2Ca(CO3)2,0.001648,-2.348753
wbm-1-61496,-53.840595,-6.7300744,8,Zr3Cd,0.001912,-0.086328
wbm-2-30587,-21.060198,-5.2650495,4,NaHoPt2,0.124815,-0.719544
wbm-1-31658,-24.952312,-4.9904623,5,Ca3PtN,0.056503,-0.837216
wbm-1-42583,-60.11156,-5.4646873,11,Na2Cu2SO6,0.412416,-1.337979
wbm-3-34327,-58.17625,-5.817625,10,Dy2InPt2,0.092939,-1.016244
wbm-3-71895,-91.987366,-7.6656137,12,Tb2SiRu3,0.058467,-0.495182
wbm-3-68963,-41.455383,-6.9092307,6,NbSi2Ni3,0.16281,-0.449008
wbm-2-3350,-24.69489,-4.1158147,6,CaAlSi,0.011651,-0.353735
wbm-1-2916,-38.169323,-9.542331,4,AlTc2W,0.012115,-0.298715
wbm-3-76286,-26.715214,-4.4525356,6,YIn2,0.009793,-0.45008
wbm-1-13767,-35.71717,-5.952862,6,NbGaCu,0.077959,-0.165914
wbm-4-40160,-56.795433,-9.465905,6,Zr3Os2Pd,0.014798,-0.55633
wbm-4-15970,-64.979416,-5.4149513,12,UH4Pt,0.066349,-0.277168
wbm-3-12697,-46.50727,-4.227934,11,Ca3Zn2(As2Pd)2,0.007604,-0.811752
wbm-5-12119,-31.365044,-6.273009,5,Y2MgFe2,0.113978,0.032209
wbm-3-18990,-76.95961,-8.551067,9,NpCrSn,0.313541,0.25314
wbm-3-67439,-50.359016,-4.1965847,12,RbScZnTe3,-0.057855,-1.203081
wbm-3-41921,-32.10087,-4.5858383,7,MnGa5Pt,0.156453,-0.189855
wbm-2-24967,-38.31496,-4.257218,9,LiLaSn,-0.071235,-0.670913
wbm-3-39442,-27.019356,-5.403871,5,Mg(NiP)2,0.002224,-0.549905
wbm-4-39769,-19.126078,-4.7815194,4,NdZnPd2,0.141842,-0.605859
wbm-3-10702,-66.38807,-8.298509,8,NdCrC2,0.092723,-0.048433
wbm-1-56082,-57.48419,-5.7484193,10,Er(SnPt)2,0.176439,-0.704692
wbm-1-19626,-35.620655,-5.9367757,6,NpGe5,0.088283,-0.050072
wbm-3-36579,-27.53083,-3.9329758,7,Li4ErAs2,0.0144,-0.824652
wbm-1-45542,-32.90641,-2.7422009,12,PI3(BrCl3)2,0.048399,-0.71152
wbm-3-58245,-38.507675,-5.5010962,7,La3PBr3,0.119961,-1.901057
wbm-4-39640,-19.541822,-4.8854556,4,HfZnAu2,-0.002492,-0.441917
wbm-4-31780,-38.230522,-6.3717537,6,Pr3Ru2Au,0.033314,-0.32479
wbm-3-75235,-39.09664,-6.516107,6,YTiBi,0.1463,-0.463387
wbm-3-41690,-53.035183,-5.892798,9,DyMnPb,0.268869,-0.05308
wbm-2-21222,-15.146847,-3.0293694,5,CsYbH3,0.051131,-0.470811
wbm-4-1563,-50.210926,-6.2763658,8,LaAl5Os2,0.079411,-0.445272
wbm-3-15094,-38.239,-4.2487774,9,Cs2MnCl6,0.04028,-1.8247
wbm-1-22848,-11.549597,-2.8873992,4,KCaAu2,0.11767,-0.437899
wbm-2-14299,-14.603115,-3.6507788,4,Yb2CuPd,0.013479,-0.561524
wbm-1-28446,-30.17464,-7.54366,4,Hf2MgRh,0.246191,-0.219213
wbm-4-28993,-35.160034,-7.0320067,5,Pa2PBr2,-0.140245,-1.537334
wbm-4-27601,-76.56227,-7.656227,10,Sr2CeRuO6,0.062223,-2.850341
wbm-4-472,-60.51527,-6.723919,9,Al2Os,0.209907,-0.352505
wbm-4-3573,-19.897736,-3.3162892,6,BiAu5,0.08242,0.050541
wbm-3-24276,-48.55016,-6.06877,8,ErTlFe2,0.042903,-0.110865
wbm-2-29938,-39.80347,-7.9606943,5,Th3SnN,0.061306,-0.905324
wbm-1-38584,-60.277065,-6.0277066,10,CuSnO3,0.230492,-1.411868
wbm-2-27801,-34.74351,-8.685878,4,MnGaOs2,0.086177,-0.020859
wbm-4-18272,-56.060276,-5.6060276,10,Rb2LiVF6,0.003017,-3.096357
wbm-1-7603,-52.146988,-10.429398,5,NbOs3C,0.411777,0.212117
wbm-4-17128,-17.013542,-4.2533855,4,PrIn,0.04971,-0.437885
wbm-3-6068,-19.400265,-4.850066,4,As2RhAu,0.48493,0.108569
wbm-4-16020,-48.614586,-4.0512156,12,ThZnH4,0.215404,-0.26185
wbm-4-15555,-50.408333,-5.0408335,10,CaH3Os,0.364976,-0.277401
wbm-2-12396,-64.08403,-6.408403,10,Cr2NiTe2,0.084896,-0.236601
wbm-5-5179,-66.93544,-7.437271,9,Np3CrGa3Ge2,0.016883,-0.137809
wbm-3-37188,-55.022984,-5.5022984,10,RbLiCoO2,0.025405,-1.531526
wbm-2-26425,-12.932241,-4.310747,3,MgNiGe,0.124193,-0.244434
wbm-2-33839,-35.736,-5.956,6,YbO2,0.255699,-2.164529
wbm-2-15113,-59.614693,-5.961469,10,RbTiF3,0.124039,-3.036186
wbm-2-7552,-48.695156,-6.0868945,8,Sr3CoC4,0.036116,0.011674
wbm-3-77338,-23.528267,-2.9410334,8,YZn3,0.006045,-0.370527
wbm-2-32136,-35.339207,-5.889868,6,LuNi5,0.079492,-0.260803
wbm-3-6408,-24.521034,-8.173678,3,GdAsAu,0.318756,-0.703022
wbm-2-29242,-91.66278,-8.33298,11,Sm3(FeN3)2,0.085355,-0.932896
wbm-4-12848,-35.77396,-5.9623265,6,ThTlFe,0.287087,0.167611
wbm-5-16318,-25.693405,-8.564468,3,PaFeP,0.089269,-0.633616
wbm-4-18891,-20.767382,-2.5959227,8,Mg2InCu,0.046342,-0.050034
wbm-3-19328,-71.47537,-7.147537,10,Np2GaCu2,0.210494,0.142254
wbm-2-35680,-65.135765,-7.237307,9,Mg(PO3)2,0.205197,-2.64651
wbm-1-29823,-50.94731,-6.368414,8,MnPd3,0.015529,-0.2134
wbm-2-42489,-63.37223,-5.281019,12,ErInCuS3,0.116595,-1.23665
wbm-5-7068,-39.625885,-4.9532356,8,SmHgF6,0.027247,-2.835941
wbm-1-42767,-74.46,-7.446,10,Sr2ScSbO6,0.017101,-3.098011
wbm-2-27737,-22.28511,-5.5712776,4,ErMnAu2,0.189181,-0.47102
wbm-2-19425,-52.948257,-5.2948256,10,Ce2TlGe2,-0.003114,-0.575717
wbm-2-3159,-55.43482,-6.1594243,9,DyAlRh,-0.056182,-0.891217
wbm-3-32292,-65.35218,-6.5352182,10,TaH3Ru,0.097173,-0.04259
wbm-2-51307,-36.402813,-6.0671353,6,LaYSb,0.033494,-0.910725
wbm-2-10329,-35.48689,-3.548689,10,CaCl4,-0.199111,-1.881239
wbm-5-144,-31.632088,-6.3264174,5,Np(AlAs)2,0.183136,-0.292499
wbm-3-75213,-47.3524,-4.73524,10,SrTiSn3,0.060087,-0.391043
wbm-1-31360,-108.37411,-10.837411,10,UWN3,0.184919,-0.996703
wbm-3-51809,-51.782898,-8.630483,6,CeErO4,0.098943,-3.55648
wbm-2-33465,-41.950764,-5.992966,7,Tb2Cu(BrO)2,0.785598,-1.994365
wbm-3-52973,-88.95938,-8.895938,10,TbEu2AsO6,0.096343,-2.931018
wbm-2-50523,-95.16825,-7.9306874,12,TiVAs,-0.076139,-0.770004
wbm-1-8584,-28.318401,-5.66368,5,Ca(FeSb)2,0.242488,-0.211004
wbm-4-25958,-70.10676,-7.78964,9,EuAlTeO6,-0.137502,-2.591533
wbm-1-34403,-30.308687,-6.0617375,5,Y2GaNi2,0.01534,-0.542733
wbm-1-45331,-104.780426,-8.731702,12,P3RhW2,0.082855,-0.394034
wbm-3-346,-48.50121,-5.3890233,9,TaInAg,0.4844,0.46841
wbm-2-11619,-33.497852,-4.1872315,8,YbGa2Co,0.012594,-0.44699
wbm-3-73358,-38.31247,-9.578117,4,TaSnOs2,0.162539,0.02257
wbm-3-54528,-69.614334,-7.734926,9,La(PO3)2,0.537456,-2.605333
wbm-2-17087,-57.621277,-6.4023643,9,Tm3Fe3NiGe2,0.143543,-0.382641
wbm-2-50380,-31.035965,-6.207193,5,Ti(NiAs)2,0.252092,-0.328716
wbm-3-9091,-72.790794,-6.0658994,12,NbCu2B,0.627542,0.242721
wbm-1-54829,-22.533482,-7.5111604,3,Fe2Si,0.384143,0.02275
wbm-1-37686,-84.313126,-8.431313,10,Sc3O2,0.067183,-2.579125
wbm-1-8355,-89.04705,-4.4523525,20,CaAsSe3,0.048233,-1.055815
wbm-2-31850,-24.261269,-6.065317,4,TbYNi2,0.070813,-0.363851
wbm-4-34887,-37.989468,-3.7989469,10,In2Si2Sn,0.335155,0.33516
wbm-2-23692,-73.64813,-6.1373444,12,Li2YbNbF8,-0.018749,-3.582923
wbm-3-6700,-110.462746,-9.205229,12,PuAsRh,0.242331,-0.52623
wbm-2-14749,-35.311855,-4.413982,8,YIn2Cu,0.049831,-0.333701
wbm-4-34428,-68.70493,-5.725411,12,RbThPtSe3,0.051061,-1.455666
wbm-5-2480,-69.48422,-7.720469,9,Pr(VB3)2,0.037469,-0.640828
wbm-3-49268,-43.792595,-3.6493828,12,BaInNi,0.068728,-0.211361
wbm-3-54769,-72.007835,-7.2007837,10,Ba2ScTeO6,0.009064,-2.851671
wbm-3-26620,-36.946316,-6.157719,6,PrFeNi4,0.169827,-0.059694
wbm-1-22073,-14.099178,-3.5247946,4,TmIn3,0.068924,-0.289512
wbm-3-58357,-23.840958,-5.9602394,4,Pr2PCl,-0.090248,-1.76477
wbm-2-8206,-59.91768,-8.559669,7,TaCO5,0.395061,-2.031882
wbm-1-11604,-43.62024,-4.846693,9,Tm6Ga2Co,0.060479,-0.342611
wbm-3-22215,-44.820427,-5.6025534,8,EuAgF6,0.058778,-2.505739
wbm-3-39870,-47.47713,-3.9564276,12,CsYbMgSe3,0.117771,-1.533192
wbm-3-28621,-40.690212,-4.069021,10,DyGaBr3,0.283175,-1.56971
wbm-1-23530,-76.456924,-6.3714104,12,Li2CaThF8,-0.012642,-4.002717
wbm-1-53534,-82.99366,-8.299366,10,La(SiOs)2,0.114772,-0.587763
wbm-2-48602,-36.5486,-6.091433,6,CeSn2Pt3,0.253743,-0.54359
wbm-4-2385,-88.62274,-7.3852286,12,NbAlPt,0.029768,-0.692227
wbm-3-12486,-14.585258,-3.6463144,4,Ca2NiAu,0.142085,-0.375756
wbm-2-17461,-29.627184,-3.703398,8,ErCd2Fe,0.2318,0.011766
wbm-4-21860,-16.670153,-4.167538,4,SmMnZn2,0.190481,-0.093291
wbm-4-32465,-57.433674,-4.7861395,12,Cs2NdS3,0.196772,-1.562897
wbm-2-18693,-62.49141,-5.2076173,12,Er2Ga3Ru,-0.072451,-0.651482
wbm-4-22922,-45.576504,-5.064056,9,Na2U(CuSe2)2,-0.079094,-1.074845
wbm-4-9356,-37.003983,-6.1673303,6,Pa2Cu3Ge,0.076177,-0.082992
wbm-4-28536,-64.374176,-8.046772,8,GdZnSeO,0.58158,-1.803992
wbm-4-26893,-93.615265,-9.3615265,10,MgU2MoO6,0.390583,-2.822153
wbm-2-11466,-24.917645,-8.3058815,3,PuCoBi,0.082796,-0.182215
wbm-2-46518,-94.59988,-7.883323,12,Si3Rh2W,0.126401,-0.48037
wbm-3-34402,-22.659964,-3.7766607,6,ThInHg,0.032089,-0.271567
wbm-4-34319,-24.880537,-6.2201343,4,PaSnSe2,-0.12378,-0.928535
wbm-2-40616,-26.180222,-6.5450554,4,EuHgRh2,0.206736,-0.160952
wbm-3-53421,-86.796036,-8.679604,10,Ce2CoWO6,0.550481,-2.418356
wbm-4-32761,-73.93604,-6.161337,12,RbErMnS3,-0.024702,-1.690215
wbm-1-16717,-32.406345,-5.4010577,6,CaSF,0.265154,-2.646974
wbm-2-48569,-23.900494,-5.9751234,4,SmBiPt2,0.105639,-0.712799
wbm-1-11768,-26.678509,-3.8112156,7,LuIn5Co,0.012873,-0.17801
wbm-3-17809,-52.54876,-4.379063,12,YbCoSn4,0.158768,-0.183429
wbm-3-19665,-44.54275,-4.454275,10,Tm(CuSn)2,0.068758,-0.284357
wbm-2-10755,-39.37708,-6.5628467,6,ZrSeCl,-0.001783,-1.893616
wbm-1-38859,-147.47145,-7.3735723,20,DyInO3,0.064156,-2.939967
wbm-1-19618,-77.45283,-7.0411663,11,Y3(GeRh)4,0.036086,-0.903757
wbm-3-75467,-26.416008,-6.604002,4,V2NiPb,0.586347,0.456102
wbm-5-5547,-21.653545,-5.4133863,4,TmCu2Rh,0.075081,-0.415363
wbm-4-11715,-25.75343,-5.150686,5,Yb2Fe2Ni,0.175298,0.02754
wbm-1-56603,-8.428652,-2.107163,4,Sr3In,0.111997,-0.142335
wbm-3-4336,-50.863953,-5.0863953,10,Lu2AlGe2,0.033248,-0.642607
wbm-1-30746,-80.97584,-8.097584,10,LaCoN3,0.09326,-0.688635
wbm-3-57509,-78.82533,-7.882533,10,Th2HgOs2,0.115211,-0.15731
wbm-1-53459,-195.25548,-8.135645,24,TaFeSi2,0.000874,-0.511702
wbm-3-69779,-23.982967,-4.7965937,5,NdZnSi3,0.18565,-0.168374
wbm-1-28938,-32.5771,-3.6196775,9,ThMgZn,-0.013881,-0.169488
wbm-4-37024,-43.0319,-7.1719832,6,TbTaSn,0.120793,-0.364757
wbm-3-74927,-19.141542,-4.7853856,4,HoTiIn2,0.167954,-0.164847
wbm-3-8244,-50.08879,-8.348132,6,HfCrB4,0.125917,-0.586527
wbm-3-36269,-16.021029,-2.2887185,7,SrLi2(MgIn)2,0.019666,-0.234628
wbm-4-39334,-26.837917,-4.472986,6,BaZn3Os2,0.468869,0.329379
wbm-5-10043,-43.420013,-7.236669,6,NpHCl,0.181959,-0.974313
wbm-5-12630,-16.235388,-4.058847,4,TbMgSn2,0.06859,-0.425536
wbm-1-51521,-30.38084,-7.59521,4,ZrScCo2,0.016872,-0.341431
wbm-4-25958,-70.10675811767578,-7.789639949798584,9,EuAlTeO6,-0.137502,-2.591533
wbm-1-34403,-30.308687210083008,-6.061737537384033,5,Y2GaNi2,0.01534,-0.542733
wbm-1-45331,-104.78042602539062,-8.731701850891113,12,P3RhW2,0.082855,-0.394034
wbm-3-346,-48.5012092590332,-5.389023303985596,9,TaInAg,0.4844,0.46841
wbm-2-11619,-33.49785232543945,-4.187231540679932,8,YbGa2Co,0.012594,-0.44699
wbm-3-73358,-38.312469482421875,-9.578117370605469,4,TaSnOs2,0.162539,0.02257
wbm-3-54528,-69.61433410644531,-7.734926223754883,9,La(PO3)2,0.537456,-2.605333
wbm-2-17087,-57.62127685546875,-6.402364253997803,9,Tm3Fe3NiGe2,0.143543,-0.382641
wbm-2-50380,-31.035964965820312,-6.207192897796631,5,Ti(NiAs)2,0.252092,-0.328716
wbm-3-9091,-72.7907943725586,-6.06589937210083,12,NbCu2B,0.627542,0.242721
wbm-1-54829,-22.53348159790039,-7.511160373687744,3,Fe2Si,0.384143,0.02275
wbm-1-37686,-84.31312561035156,-8.431312561035156,10,Sc3O2,0.067183,-2.579125
wbm-1-8355,-89.04705047607422,-4.452352523803711,20,CaAsSe3,0.048233,-1.055815
wbm-2-31850,-24.261268615722656,-6.065317153930664,4,TbYNi2,0.070813,-0.363851
wbm-4-34887,-37.98946762084961,-3.7989468574523926,10,In2Si2Sn,0.335155,0.33516
wbm-2-23692,-73.64813232421875,-6.1373443603515625,12,Li2YbNbF8,-0.018749,-3.582923
wbm-3-6700,-110.4627456665039,-9.205228805541992,12,PuAsRh,0.242331,-0.52623
wbm-2-14749,-35.31185531616211,-4.413981914520264,8,YIn2Cu,0.049831,-0.333701
wbm-4-34428,-68.7049331665039,-5.7254109382629395,12,RbThPtSe3,0.051061,-1.455666
wbm-5-2480,-69.48422241210938,-7.720468997955322,9,Pr(VB3)2,0.037469,-0.640828
wbm-3-49268,-43.79259490966797,-3.6493828296661377,12,BaInNi,0.068728,-0.211361
wbm-3-54769,-72.0078353881836,-7.200783729553223,10,Ba2ScTeO6,0.009064,-2.851671
wbm-3-26620,-36.94631576538086,-6.157719135284424,6,PrFeNi4,0.169827,-0.059694
wbm-1-22073,-14.099178314208984,-3.524794578552246,4,TmIn3,0.068924,-0.289512
wbm-3-58357,-23.840957641601562,-5.960239410400391,4,Pr2PCl,-0.090248,-1.76477
wbm-2-8206,-59.91767883300781,-8.55966854095459,7,TaCO5,0.395061,-2.031882
wbm-1-11604,-43.6202392578125,-4.84669303894043,9,Tm6Ga2Co,0.060479,-0.342611
wbm-3-22215,-44.82042694091797,-5.602553367614746,8,EuAgF6,0.058778,-2.505739
wbm-3-39870,-47.47713088989258,-3.956427574157715,12,CsYbMgSe3,0.117771,-1.533192
wbm-3-28621,-40.69021224975586,-4.069021224975586,10,DyGaBr3,0.283175,-1.56971
wbm-1-23530,-76.45692443847656,-6.371410369873047,12,Li2CaThF8,-0.012642,-4.002717
wbm-1-53534,-82.99365997314453,-8.299365997314453,10,La(SiOs)2,0.114772,-0.587763
wbm-2-48602,-36.54859924316406,-6.091433048248291,6,CeSn2Pt3,0.253743,-0.54359
wbm-4-2385,-88.62274169921875,-7.385228633880615,12,NbAlPt,0.029768,-0.692227
wbm-3-12486,-14.585257530212402,-3.6463143825531006,4,Ca2NiAu,0.142085,-0.375756
wbm-2-17461,-29.62718391418457,-3.7033979892730713,8,ErCd2Fe,0.2318,0.011766
wbm-4-21860,-16.67015266418457,-4.167538166046143,4,SmMnZn2,0.190481,-0.093291
wbm-4-32465,-57.43367385864258,-4.786139488220215,12,Cs2NdS3,0.196772,-1.562897
wbm-2-18693,-62.49140930175781,-5.207617282867432,12,Er2Ga3Ru,-0.072451,-0.651482
wbm-4-22922,-45.57650375366211,-5.064055919647217,9,Na2U(CuSe2)2,-0.079094,-1.074845
wbm-4-9356,-37.00398254394531,-6.167330265045166,6,Pa2Cu3Ge,0.076177,-0.082992
wbm-4-28536,-64.37417602539062,-8.046772003173828,8,GdZnSeO,0.58158,-1.803992
wbm-4-26893,-93.61526489257812,-9.361526489257812,10,MgU2MoO6,0.390583,-2.822153
wbm-2-11466,-24.917644500732422,-8.30588150024414,3,PuCoBi,0.082796,-0.182215
wbm-2-46518,-94.5998764038086,-7.8833231925964355,12,Si3Rh2W,0.126401,-0.48037
wbm-3-34402,-22.659963607788086,-3.776660680770874,6,ThInHg,0.032089,-0.271567
wbm-4-34319,-24.880537033081055,-6.220134258270264,4,PaSnSe2,-0.12378,-0.928535
wbm-2-40616,-26.180221557617188,-6.545055389404297,4,EuHgRh2,0.206736,-0.160952
wbm-3-53421,-86.79603576660156,-8.679603576660156,10,Ce2CoWO6,0.550481,-2.418356
wbm-4-32761,-73.93604278564453,-6.161336898803711,12,RbErMnS3,-0.024702,-1.690215
wbm-1-16717,-32.40634536743164,-5.401057720184326,6,CaSF,0.265154,-2.646974
wbm-2-48569,-23.900493621826172,-5.975123405456543,4,SmBiPt2,0.105639,-0.712799
wbm-1-11768,-26.678508758544922,-3.81121563911438,7,LuIn5Co,0.012873,-0.17801
wbm-3-17809,-52.54875946044922,-4.379063129425049,12,YbCoSn4,0.158768,-0.183429
wbm-3-19665,-44.54275131225586,-4.454275131225586,10,Tm(CuSn)2,0.068758,-0.284357
wbm-2-10755,-39.377079010009766,-6.562846660614014,6,ZrSeCl,-0.001783,-1.893616
wbm-1-38859,-147.47145080566406,-7.37357234954834,20,DyInO3,0.064156,-2.939967
wbm-1-19618,-77.45282745361328,-7.041166305541992,11,Y3(GeRh)4,0.036086,-0.903757
wbm-3-75467,-26.41600799560547,-6.604001998901367,4,V2NiPb,0.586347,0.456102
wbm-5-5547,-21.653545379638672,-5.413386344909668,4,TmCu2Rh,0.075081,-0.415363
wbm-4-11715,-25.753429412841797,-5.150685787200928,5,Yb2Fe2Ni,0.175298,0.02754
wbm-1-56603,-8.428651809692383,-2.1071629524230957,4,Sr3In,0.111997,-0.142335
wbm-3-4336,-50.86395263671875,-5.086395263671875,10,Lu2AlGe2,0.033248,-0.642607
wbm-1-30746,-80.97583770751953,-8.097583770751953,10,LaCoN3,0.09326,-0.688635
wbm-3-57509,-78.82533264160156,-7.882533073425293,10,Th2HgOs2,0.115211,-0.15731
wbm-1-53459,-195.25547790527344,-8.135644912719727,24,TaFeSi2,0.000874,-0.511702
wbm-3-69779,-23.982967376708984,-4.79659366607666,5,NdZnSi3,0.18565,-0.168374
wbm-1-28938,-32.57709884643555,-3.6196775436401367,9,ThMgZn,-0.013881,-0.169488
wbm-4-37024,-43.031898498535156,-7.171983242034912,6,TbTaSn,0.120793,-0.364757
wbm-3-74927,-19.141542434692383,-4.785385608673096,4,HoTiIn2,0.167954,-0.164847
wbm-3-8244,-50.08879089355469,-8.348132133483887,6,HfCrB4,0.125917,-0.586527
wbm-3-36269,-16.021028518676758,-2.2887184619903564,7,SrLi2(MgIn)2,0.019666,-0.234628
wbm-4-39334,-26.83791732788086,-4.472986221313477,6,BaZn3Os2,0.468869,0.329379
wbm-5-10043,-43.420013427734375,-7.236669063568115,6,NpHCl,0.181959,-0.974313
wbm-5-12630,-16.235387802124023,-4.058846950531006,4,TbMgSn2,0.06859,-0.425536
wbm-1-51521,-30.380840301513672,-7.595210075378418,4,ZrScCo2,0.016872,-0.341431
