material_id,formula,supercell_atoms,min_freq_thz,status,qpoint
mp-aaaekpsc,SrAgO2,64,-1.1697086959970877,UNSTABLE,[-0.45  0.45  0.05]
mp-aaahbbao,YbTe4Pb3,64,0.11101665915345924,STABLE,
mp-aaabxaqa,Ti2AlRe,108,0.26884301470781663,STABLE,
mp-aaaccfde,NaSnSb,54,0.08213663329356229,STABLE,
mp-aaacesvu,BaAgO2,108,0.4952852222882626,STABLE,
mp-aaaceswi,CaAgO2,96,0.4531111067457164,STABLE,
mp-aaacfzvb,SrZnSn,108,0.24922833057024738,STABLE,
mp-aaacginx,Rb2CuF4,126,-4.4758276238408765,UNSTABLE,[ 0.45 -0.45  0.05]
mp-aaacgirh,Cs2CuF4,126,-6.968797789348773,UNSTABLE,[-0.45  0.45  0.05]
mp-aaacgirz,PrIn5Rh,126,0.2772865138768099,STABLE,
mp-aaacgiwo,SrCu,72,0.21374903759738784,STABLE,
mp-aaacibjv,RbAgF3,60,-0.802079188622094,UNSTABLE,[ 0.45  0.95 -0.95]
mp-aaacjkdg,Eu2ZnP2,80,0.10764226620036282,STABLE,
mp-aaacktsj,SrMgPt,144,0.2207131799950259,STABLE,
mp-aaackyex,Pr7Pt3,40,0.1142480593378646,STABLE,
mp-aaacotzq,Nb3NiS6,80,0.2297530694388688,STABLE,
mp-aaacpbga,CoNiO3,180,,SKIPPED_TOO_LARGE,
mp-aaacpesh,KCoO2,64,-1.1653624029287255,UNSTABLE,[0.45 0.45 0.45]
mp-aaacpqyz,LuGePd2,128,0.19458265552754453,STABLE,
mp-aaacpryq,CsCoO2,128,0.15380210822242601,STABLE,
mp-aaacpwcy,Nb4NiS8,104,0.2161747301265786,STABLE,
mp-aaacpwlo,Cu3(CO4)2,156,,SKIPPED_TOO_LARGE,
mp-aaacpwsj,Nb8PtSe20,29,0.03141674177092587,STABLE,
mp-aaacqaxk,Ba(CoSn4)2,176,,SKIPPED_TOO_LARGE,
mp-aaacqfpc,Nd3Co4Sn13,320,,SKIPPED_TOO_LARGE,
mp-aaacqhrg,Pr3Co4Sn13,320,,SKIPPED_TOO_LARGE,
mp-aaacqlqh,Ga40AgMo8,392,,SKIPPED_TOO_LARGE,
mp-aaacqmcg,Ga40SnMo8,392,,SKIPPED_TOO_LARGE,
mp-aaacqogr,Ga40GeMo8,392,,SKIPPED_TOO_LARGE,
mp-aaacqpai,BaAgSb,108,0.22867114069325198,STABLE,
mp-aaacqpbx,KAgF3,160,,SKIPPED_TOO_LARGE,
mp-aaacqqhp,GdIn5Rh,126,0.27004507902832114,STABLE,
mp-aaacrcnc,Ba8Dy3(Pt2O9)2,264,,SKIPPED_TOO_LARGE,
mp-aaacrcnz,Ba8Ho3(Pt2O9)2,264,,SKIPPED_TOO_LARGE,
mp-aaacrhlb,SrZnGe,81,-0.8183645902978719,UNSTABLE,[-0.05 -0.05  0.05]
mp-aaacrixt,Sr2MnRuO6,80,0.2968995632888492,STABLE,
mp-aaacrknd,Pr2ZnBi4,63,0.145128589813394,STABLE,
mp-aaacrmzn,Mo2CN,72,0.8698368054066494,STABLE,
mp-aaacrpgm,La2ZnBi4,63,0.15341284984511175,STABLE,
mp-aaacrral,HfZrN2,32,0.3380686387101891,STABLE,
mp-aaacrvpl,Ca2ScP3Pt7,13,0.05517230796039747,STABLE,
mp-aaacrwbi,BaSr4,5,0.043173098899877214,STABLE,
mp-aaacrxhg,Ba8Si43Ni3,54,0.18510768695804006,STABLE,
mp-aaaaaghy,BeAlB,81,0.8792494556976996,STABLE,
mp-aaaaajpw,Ba2Na(CuO2)3,192,,SKIPPED_TOO_LARGE,
mp-aaaaajtr,Sr3CuPtO6,176,,SKIPPED_TOO_LARGE,
mp-aaaaakhm,SrAgAs,108,0.2631512809091648,STABLE,
mp-aaaaakxb,BaAgAs,108,0.240871763934163,STABLE,
mp-aaaaakyg,SrGe2,54,0.21396773997744997,STABLE,
mp-aaaaarmo,BaZnGe,108,0.2524412163758072,STABLE,
mp-aaaaasvk,SrZn,96,0.22870602092192707,STABLE,
mp-aaaaasvq,Ba2YbRuO6,80,0.3277886297374826,STABLE,
mp-aaaaasvp,Ba2TmRuO6,80,0.33819088384066165,STABLE,
mp-aaaabbda,Sr3ZnRhO6,176,,SKIPPED_TOO_LARGE,
mp-aaaabcje,Sr3NiPtO6,352,,SKIPPED_TOO_LARGE,
mp-aaaabdum,BaPb,48,0.1639367416556808,STABLE,
mp-aaaabeed,EuSn3,108,0.24019373075983355,STABLE,
mp-aaaabgeu,Sr(In4Rh)2,132,0.18790737309263122,STABLE,
mp-aaaabhin,SrInAu,144,0.1678577108627733,STABLE,
mp-aaaabsuv,Sb2MoS,64,-2.0796907900767714,UNSTABLE,[-0.45 -0.45  0.05]
mp-aaaabtxa,SrAgBi,108,-0.6299468400301708,UNSTABLE,[ 0.05 -0.05  0.05]
mp-aaaabubz,BaZnSi,108,0.2842072535665447,STABLE,
mp-aaaabuca,BaZnSn,108,0.23473611254366056,STABLE,
mp-aaabctnc,Sr2FeCuSO3,144,0.4374458804880872,STABLE,
mp-aaabctuh,Ta4BTe8,78,-1.8567887296697885,UNSTABLE,[0.45 0.05 0.45]
mp-aaabdbgk,Sr2CoMoO6,160,,SKIPPED_TOO_LARGE,
mp-aaabevna,RbCoF3,120,0.2228596659028489,STABLE,
mp-aaabfbah,Pr2BiO2,90,0.27763639790184785,STABLE,
mp-aaabfqpo,Sr2Co2O5,144,0.263643009950172,STABLE,
